src/ai/flows/get-crypto-prices-flow.ts(30,10): error TS7006: Parameter 'input' implicitly has an 'any' type.
src/ai/genkit.ts(2,32): error TS2307: Cannot find module '@genkit-ai/google-genai' or its corresponding type declarations.
src/app/(dashboard)/buy/page.tsx(50,7): error TS2739: Type '{ ALL: { label: string; fullName: string; badgeClass: string; textClass: string; }; BTC: { label: string; fullName: string; badgeClass: string; textClass: string; }; USDT: { label: string; fullName: string; badgeClass: string; textClass: string; }; ETH: { ...; }; LTC: { ...; }; }' is missing the following properties from type 'Record<ExtendedCoinOption, { label: string; fullName: string; badgeClass: string; textClass: string; }>': BNB, TRX, MATIC
src/app/(dashboard)/buy/page.tsx(342,45): error TS2881: This expression is never nullish.
src/app/(dashboard)/buy/page.tsx(453,123): error TS2339: Property 'id' does not exist on type '{ username: string; country?: string | undefined; feedbackScore: number; positiveFeedback?: number | undefined; negativeFeedback?: number | undefined; completedTrades: number; photoURL?: string | undefined; badges?: string[] | undefined; lastActive?: string | undefined; isVerified?: boolean | undefined; is_verified?...'.
src/app/(dashboard)/buy/page.tsx(503,29): error TS2339: Property 'blockedUsers' does not exist on type 'UserProfile'.
src/app/(dashboard)/buy/page.tsx(542,61): error TS2339: Property 'completedTrades' does not exist on type 'UserProfile'.
src/app/(dashboard)/my-tickets/page.tsx(42,19): error TS2322: Type '{ id: any; userId: any; category: any; subject: any; message: any; status: any; resolutionNote: any; createdAt: any; }[]' is not assignable to type 'SupportTicket[]'.
  Property 'email' is missing in type '{ id: any; userId: any; category: any; subject: any; message: any; status: any; resolutionNote: any; createdAt: any; }' but required in type 'SupportTicket'.
src/app/(dashboard)/sell/page.tsx(50,7): error TS2739: Type '{ ALL: { label: string; fullName: string; badgeClass: string; textClass: string; }; BTC: { label: string; fullName: string; badgeClass: string; textClass: string; }; USDT: { label: string; fullName: string; badgeClass: string; textClass: string; }; ETH: { ...; }; LTC: { ...; }; }' is missing the following properties from type 'Record<ExtendedCoinOption, { label: string; fullName: string; badgeClass: string; textClass: string; }>': BNB, TRX, MATIC
src/app/(dashboard)/sell/page.tsx(342,45): error TS2881: This expression is never nullish.
src/app/(dashboard)/sell/page.tsx(453,123): error TS2339: Property 'id' does not exist on type '{ username: string; country?: string | undefined; feedbackScore: number; positiveFeedback?: number | undefined; negativeFeedback?: number | undefined; completedTrades: number; photoURL?: string | undefined; badges?: string[] | undefined; lastActive?: string | undefined; isVerified?: boolean | undefined; is_verified?...'.
src/app/(dashboard)/sell/page.tsx(503,29): error TS2339: Property 'blockedUsers' does not exist on type 'UserProfile'.
src/app/(dashboard)/sell/page.tsx(542,61): error TS2339: Property 'completedTrades' does not exist on type 'UserProfile'.
src/app/(dashboard)/trades/page.tsx(352,60): error TS2339: Property 'tradeVolume' does not exist on type 'UserProfile'.
src/app/(dashboard)/trades/page.tsx(365,58): error TS2339: Property 'completedTrades' does not exist on type 'UserProfile'.
src/app/(dashboard)/trades/page.tsx(382,57): error TS2339: Property 'positiveFeedback' does not exist on type 'UserProfile'.
src/app/(dashboard)/trades/page.tsx(384,55): error TS2339: Property 'negativeFeedback' does not exist on type 'UserProfile'.
src/app/(dashboard)/transfer/page.tsx(366,72): error TS2339: Property 'symbol' does not exist on type 'SupportedCrypto'.
src/app/adminnarayan/ads/page.tsx(119,9): error TS18048: 'ad.publicAdId' is possibly 'undefined'.
src/app/adminnarayan/ads/page.tsx(120,9): error TS18048: 'ad.user' is possibly 'undefined'.
src/app/adminnarayan/ads/page.tsx(207,43): error TS18048: 'ad.user' is possibly 'undefined'.
src/app/adminnarayan/ads/page.tsx(211,28): error TS18048: 'ad.user' is possibly 'undefined'.
src/app/adminnarayan/ads/page.tsx(267,54): error TS18048: 'ad.user' is possibly 'undefined'.
src/app/adminnarayan/ads/page.tsx(307,48): error TS18048: 'selectedAd.user' is possibly 'undefined'.
src/app/adminnarayan/login/actions.ts(26,16): error TS7006: Parameter 'cookiesToSet' implicitly has an 'any' type.
src/app/adminnarayan/login/actions.ts(28,37): error TS7031: Binding element 'name' implicitly has an 'any' type.
src/app/adminnarayan/login/actions.ts(28,43): error TS7031: Binding element 'value' implicitly has an 'any' type.
src/app/adminnarayan/login/actions.ts(28,50): error TS7031: Binding element 'options' implicitly has an 'any' type.
src/app/adminnarayan/settings/page.tsx(30,13): error TS2322: Type '(formData: FormData) => Promise<{ success: boolean; error: string; } | { success: boolean; error?: undefined; }>' is not assignable to type 'string | ((formData: FormData) => void | Promise<void>) | undefined'.
  Type '(formData: FormData) => Promise<{ success: boolean; error: string; } | { success: boolean; error?: undefined; }>' is not assignable to type '(formData: FormData) => void | Promise<void>'.
    Type 'Promise<{ success: boolean; error: string; } | { success: boolean; error?: undefined; }>' is not assignable to type 'void | Promise<void>'.
      Type 'Promise<{ success: boolean; error: string; } | { success: boolean; error?: undefined; }>' is not assignable to type 'Promise<void>'.
        Type '{ success: boolean; error: string; } | { success: boolean; error?: undefined; }' is not assignable to type 'void'.
          Type '{ success: boolean; error: string; }' is not assignable to type 'void'.
src/app/api/admin/disputes/[tradeId]/route.ts(12,36): error TS2339: Property 'tradeId' does not exist on type '{ tradeId: string; } | Promise<{ tradeId: string; }>'.
  Property 'tradeId' does not exist on type 'Promise<{ tradeId: string; }>'.
src/app/api/admin/disputes/[tradeId]/route.ts(56,20): error TS2339: Property 'success' does not exist on type 'never'.
src/app/api/admin/trades/[tradeId]/route.ts(12,36): error TS2339: Property 'tradeId' does not exist on type '{ tradeId: string; } | Promise<{ tradeId: string; }>'.
  Property 'tradeId' does not exist on type 'Promise<{ tradeId: string; }>'.
src/app/api/admin/trades/[tradeId]/route.ts(108,39): error TS2339: Property 'tradeId' does not exist on type '{ tradeId: string; } | Promise<{ tradeId: string; }>'.
  Property 'tradeId' does not exist on type 'Promise<{ tradeId: string; }>'.
src/app/api/admin/users/[userId]/route.ts(12,35): error TS2339: Property 'userId' does not exist on type '{ userId: string; } | Promise<{ userId: string; }>'.
  Property 'userId' does not exist on type 'Promise<{ userId: string; }>'.
src/app/api/admin/users/[userId]/route.ts(176,35): error TS2339: Property 'userId' does not exist on type '{ userId: string; } | Promise<{ userId: string; }>'.
  Property 'userId' does not exist on type 'Promise<{ userId: string; }>'.
src/app/api/cron/reconcile-ledger/route.ts(190,10): error TS2551: Property 'catch' does not exist on type 'PostgrestFilterBuilder<any, any, any, null, "audit_logs", unknown, "POST", false>'. Did you mean 'match'?
src/app/api/media/avatar/[userId]/route.ts(32,33): error TS2345: Argument of type 'Buffer<ArrayBufferLike>' is not assignable to parameter of type 'BodyInit | null | undefined'.
  Type 'Buffer<ArrayBufferLike>' is missing the following properties from type 'URLSearchParams': size, append, delete, get, and 2 more.
src/app/api/media/avatar/[userId]/route.ts(110,37): error TS2345: Argument of type 'Buffer<ArrayBufferLike>' is not assignable to parameter of type 'BodyInit | null | undefined'.
  Type 'Buffer<ArrayBufferLike>' is missing the following properties from type 'URLSearchParams': size, append, delete, get, and 2 more.
src/app/api/p2p/ads/[id]/route.ts(139,18): error TS7006: Parameter 'cookiesToSet' implicitly has an 'any' type.
src/app/api/p2p/ads/[id]/route.ts(141,39): error TS7031: Binding element 'name' implicitly has an 'any' type.
src/app/api/p2p/ads/[id]/route.ts(141,45): error TS7031: Binding element 'value' implicitly has an 'any' type.
src/app/api/p2p/ads/[id]/route.ts(141,52): error TS7031: Binding element 'options' implicitly has an 'any' type.
src/app/api/p2p/ads/[id]/route.ts(272,18): error TS7006: Parameter 'cookiesToSet' implicitly has an 'any' type.
src/app/api/p2p/ads/[id]/route.ts(274,39): error TS7031: Binding element 'name' implicitly has an 'any' type.
src/app/api/p2p/ads/[id]/route.ts(274,45): error TS7031: Binding element 'value' implicitly has an 'any' type.
src/app/api/p2p/ads/[id]/route.ts(274,52): error TS7031: Binding element 'options' implicitly has an 'any' type.
src/app/api/p2p/ads/route.ts(26,18): error TS7006: Parameter 'cookiesToSet' implicitly has an 'any' type.
src/app/api/p2p/ads/route.ts(28,39): error TS7031: Binding element 'name' implicitly has an 'any' type.
src/app/api/p2p/ads/route.ts(28,45): error TS7031: Binding element 'value' implicitly has an 'any' type.
src/app/api/p2p/ads/route.ts(28,52): error TS7031: Binding element 'options' implicitly has an 'any' type.
src/app/api/p2p/my-ads/route.ts(24,18): error TS7006: Parameter 'cookiesToSet' implicitly has an 'any' type.
src/app/api/p2p/my-ads/route.ts(26,39): error TS7031: Binding element 'name' implicitly has an 'any' type.
src/app/api/p2p/my-ads/route.ts(26,45): error TS7031: Binding element 'value' implicitly has an 'any' type.
src/app/api/p2p/my-ads/route.ts(26,52): error TS7031: Binding element 'options' implicitly has an 'any' type.
src/app/api/trades/[tradeId]/actions/route.ts(14,36): error TS2339: Property 'tradeId' does not exist on type '{ tradeId: string; } | Promise<{ tradeId: string; }>'.
  Property 'tradeId' does not exist on type 'Promise<{ tradeId: string; }>'.
src/app/api/trades/[tradeId]/dispute/route.ts(12,36): error TS2339: Property 'tradeId' does not exist on type '{ tradeId: string; } | Promise<{ tradeId: string; }>'.
  Property 'tradeId' does not exist on type 'Promise<{ tradeId: string; }>'.
src/app/api/trades/[tradeId]/dispute/route.ts(57,20): error TS2339: Property 'success' does not exist on type 'never'.
src/app/api/trades/[tradeId]/route.ts(39,39): error TS2339: Property 'tradeId' does not exist on type '{ tradeId: string; } | Promise<{ tradeId: string; }>'.
  Property 'tradeId' does not exist on type 'Promise<{ tradeId: string; }>'.
src/app/api/trades/[tradeId]/route.ts(158,11): error TS2353: Object literal may only specify known properties, and 'attachment_url' does not exist in type '{ id: any; trade_id: any; sender_id: any; message: any; created_at: any; }'.
src/app/api/trades/[tradeId]/system-message/route.ts(14,37): error TS2339: Property 'tradeId' does not exist on type '{ tradeId: string; } | Promise<{ tradeId: string; }>'.
  Property 'tradeId' does not exist on type 'Promise<{ tradeId: string; }>'.
src/app/api/trades/[tradeId]/system-message/route.ts(286,37): error TS2339: Property 'tradeId' does not exist on type '{ tradeId: string; } | Promise<{ tradeId: string; }>'.
  Property 'tradeId' does not exist on type 'Promise<{ tradeId: string; }>'.
src/app/api/user/block-status/route.ts(19,16): error TS7006: Parameter 'cookiesToSet' implicitly has an 'any' type.
src/app/api/user/block-status/route.ts(20,41): error TS7031: Binding element 'name' implicitly has an 'any' type.
src/app/api/user/block-status/route.ts(20,47): error TS7031: Binding element 'value' implicitly has an 'any' type.
src/app/api/user/block-status/route.ts(20,54): error TS7031: Binding element 'options' implicitly has an 'any' type.
src/app/api/user/block/route.ts(23,18): error TS7006: Parameter 'cookiesToSet' implicitly has an 'any' type.
src/app/api/user/block/route.ts(24,43): error TS7031: Binding element 'name' implicitly has an 'any' type.
src/app/api/user/block/route.ts(24,49): error TS7031: Binding element 'value' implicitly has an 'any' type.
src/app/api/user/block/route.ts(24,56): error TS7031: Binding element 'options' implicitly has an 'any' type.
src/app/api/user/profile/route.ts(18,16): error TS7006: Parameter 'cookiesToSet' implicitly has an 'any' type.
src/app/api/user/profile/route.ts(19,41): error TS7031: Binding element 'name' implicitly has an 'any' type.
src/app/api/user/profile/route.ts(19,47): error TS7031: Binding element 'value' implicitly has an 'any' type.
src/app/api/user/profile/route.ts(19,54): error TS7031: Binding element 'options' implicitly has an 'any' type.
src/app/api/user/update-username/route.ts(18,16): error TS7006: Parameter 'cookiesToSet' implicitly has an 'any' type.
src/app/api/user/update-username/route.ts(19,41): error TS7031: Binding element 'name' implicitly has an 'any' type.
src/app/api/user/update-username/route.ts(19,47): error TS7031: Binding element 'value' implicitly has an 'any' type.
src/app/api/user/update-username/route.ts(19,54): error TS7031: Binding element 'options' implicitly has an 'any' type.
src/app/api/wallet/balance/route.ts(42,11): error TS2739: Type '{ BTC: { available: number; inEscrow: number; inWithdrawal: number; total: number; }; ETH: { available: number; inEscrow: number; inWithdrawal: number; total: number; }; LTC: { available: number; inEscrow: number; inWithdrawal: number; total: number; }; USDT: { ...; }; }' is missing the following properties from type 'Record<CryptoCurrency, { available: number; inEscrow: number; inWithdrawal: number; total: number; }>': BNB, TRX, MATIC
src/app/api/wallet/balance/route.ts(53,11): error TS2739: Type '{ BTC: number; ETH: number; LTC: number; USDT: number; }' is missing the following properties from type 'Record<CryptoCurrency, number>': BNB, TRX, MATIC
src/app/api/wallet/balance/route.ts(118,11): error TS2739: Type '{ BTC: false; ETH: false; LTC: false; USDT: false; }' is missing the following properties from type 'Record<CryptoCurrency, boolean>': BNB, TRX, MATIC
src/app/api/wallet/route.ts(74,20): error TS2304: Cannot find name 'wallet'.
src/app/api/wallet/withdraw/route.ts(93,50): error TS2737: BigInt literals are not available when targeting lower than ES2020.
src/app/api/wallet/withdraw/route.ts(93,58): error TS2737: BigInt literals are not available when targeting lower than ES2020.
src/app/api/wallets/deposit-address/route.ts(17,13): error TS2737: BigInt literals are not available when targeting lower than ES2020.
src/app/api/wallets/deposit-address/route.ts(23,17): error TS2737: BigInt literals are not available when targeting lower than ES2020.
src/app/api/wallets/deposit-address/route.ts(95,18): error TS2737: BigInt literals are not available when targeting lower than ES2020.
src/app/api/wallets/deposit-address/route.ts(96,38): error TS2737: BigInt literals are not available when targeting lower than ES2020.
src/app/api/wallets/deposit-address/route.ts(97,19): error TS2737: BigInt literals are not available when targeting lower than ES2020.
src/app/api/wallets/deposit-address/route.ts(196,18): error TS7006: Parameter 'cookiesToSet' implicitly has an 'any' type.
src/app/api/wallets/deposit-address/route.ts(198,39): error TS7031: Binding element 'name' implicitly has an 'any' type.
src/app/api/wallets/deposit-address/route.ts(198,45): error TS7031: Binding element 'value' implicitly has an 'any' type.
src/app/api/wallets/deposit-address/route.ts(198,52): error TS7031: Binding element 'options' implicitly has an 'any' type.
src/app/api/wallets/provision-address/route.ts(18,13): error TS2737: BigInt literals are not available when targeting lower than ES2020.
src/app/api/wallets/provision-address/route.ts(24,17): error TS2737: BigInt literals are not available when targeting lower than ES2020.
src/app/api/wallets/provision-address/route.ts(89,18): error TS2737: BigInt literals are not available when targeting lower than ES2020.
src/app/api/wallets/provision-address/route.ts(90,38): error TS2737: BigInt literals are not available when targeting lower than ES2020.
src/app/api/wallets/provision-address/route.ts(91,19): error TS2737: BigInt literals are not available when targeting lower than ES2020.
src/app/api/wallets/provision-address/route.ts(217,18): error TS7006: Parameter 'cookiesToSet' implicitly has an 'any' type.
src/app/api/wallets/provision-address/route.ts(219,39): error TS7031: Binding element 'name' implicitly has an 'any' type.
src/app/api/wallets/provision-address/route.ts(219,45): error TS7031: Binding element 'value' implicitly has an 'any' type.
src/app/api/wallets/provision-address/route.ts(219,52): error TS7031: Binding element 'options' implicitly has an 'any' type.
src/app/api/withdraw/refund/route.ts(84,6): error TS2551: Property 'catch' does not exist on type 'PostgrestFilterBuilder<any, any, any, null, "withdrawals", unknown, "PATCH", false>'. Did you mean 'match'?
src/app/api/withdraw/refund/route.ts(102,6): error TS2551: Property 'catch' does not exist on type 'PostgrestFilterBuilder<any, any, any, null, "ledger_entries", unknown, "POST", false>'. Did you mean 'match'?
src/app/api/withdrawals/dispatch/route.ts(43,36): error TS2339: Property 'asset_symbol' does not exist on type '{}'.
src/app/api/withdrawals/dispatch/route.ts(45,61): error TS2339: Property 'amount' does not exist on type '{}'.
src/app/api/withdrawals/dispatch/route.ts(51,24): error TS2339: Property 'to_address' does not exist on type '{}'.
src/app/api/withdrawals/dispatch/route.ts(60,53): error TS2339: Property 'to_address' does not exist on type '{}'.
src/app/api/withdrawals/dispatch/route.ts(72,28): error TS2339: Property 'id' does not exist on type '{}'.
src/app/api/withdrawals/dispatch/route.ts(76,32): error TS2339: Property 'id' does not exist on type '{}'.
src/app/api/workers/deposit-listener/route.ts(139,57): error TS2737: BigInt literals are not available when targeting lower than ES2020.
src/app/api/workers/deposit-listener/route.ts(165,62): error TS2737: BigInt literals are not available when targeting lower than ES2020.
src/app/api/workers/deposit-sweep/route.ts(117,28): error TS2737: BigInt literals are not available when targeting lower than ES2020.
src/app/api/workers/deposit-sweep/route.ts(125,13): error TS2304: Cannot find name 'sweepTxHash'.
src/app/api/workers/deposit-sweep/route.ts(145,32): error TS2737: BigInt literals are not available when targeting lower than ES2020.
src/app/api/workers/deposit-sweep/route.ts(147,15): error TS2304: Cannot find name 'sweepTxHash'.
src/app/api/workers/deposit-sweep/route.ts(163,7): error TS18004: No value exists in scope for the shorthand property 'sweepTxHash'. Either declare one or provide an initializer.
src/app/api/workers/sweeper/route.ts(60,40): error TS2737: BigInt literals are not available when targeting lower than ES2020.
src/app/api/workers/sweeper/route.ts(97,32): error TS2737: BigInt literals are not available when targeting lower than ES2020.
src/app/api/workers/sweeper/route.ts(115,28): error TS2737: BigInt literals are not available when targeting lower than ES2020.
src/app/api/workers/withdraw/route.ts(133,90): error TS2737: BigInt literals are not available when targeting lower than ES2020.
src/app/api/workers/withdraw/route.ts(138,40): error TS2737: BigInt literals are not available when targeting lower than ES2020.
src/app/api/workers/withdraw/route.ts(138,48): error TS2737: BigInt literals are not available when targeting lower than ES2020.
src/app/api/workers/withdraw/route.ts(167,96): error TS2737: BigInt literals are not available when targeting lower than ES2020.
src/app/api/workers/withdraw/route.ts(170,38): error TS2737: BigInt literals are not available when targeting lower than ES2020.
src/app/api/workers/withdraw/route.ts(170,46): error TS2737: BigInt literals are not available when targeting lower than ES2020.
src/app/profile/page.tsx(48,17): error TS2339: Property 'loading' does not exist on type 'AuthContextState'.
src/app/profile/page.tsx(192,16): error TS18047: 'user' is possibly 'null'.
src/app/profile/page.tsx(200,50): error TS2339: Property 'created_at' does not exist on type 'AuthUser'.
src/app/settings/page.tsx(483,26): error TS2345: Argument of type '"NOT_STARTED"' is not assignable to parameter of type 'SetStateAction<"PENDING" | "NOT_SUBMITTED" | "VERIFIED" | "REJECTED">'.
src/app/settings/page.tsx(501,26): error TS2345: Argument of type '"NOT_STARTED"' is not assignable to parameter of type 'SetStateAction<"PENDING" | "NOT_SUBMITTED" | "VERIFIED" | "REJECTED">'.
src/app/users/[username]/UserProfileClient.tsx(223,73): error TS2339: Property 'last_active' does not exist on type '{ id: string; username: string; full_name?: string | null | undefined; avatar_url?: string | null | undefined; country?: string | null | undefined; is_email_verified?: boolean | undefined; ... 6 more ...; bio?: string | ... 1 more ... | undefined; }'.
src/app/users/[username]/UserProfileClient.tsx(224,49): error TS2339: Property 'is_online' does not exist on type '{ id: string; username: string; full_name?: string | null | undefined; avatar_url?: string | null | undefined; country?: string | null | undefined; is_email_verified?: boolean | undefined; ... 6 more ...; bio?: string | ... 1 more ... | undefined; }'.
src/app/users/[username]/UserProfileClient.tsx(256,77): error TS2339: Property 'last_active' does not exist on type '{ id: string; username: string; full_name?: string | null | undefined; avatar_url?: string | null | undefined; country?: string | null | undefined; is_email_verified?: boolean | undefined; ... 6 more ...; bio?: string | ... 1 more ... | undefined; }'.
src/app/users/[username]/UserProfileClient.tsx(257,52): error TS2339: Property 'is_online' does not exist on type '{ id: string; username: string; full_name?: string | null | undefined; avatar_url?: string | null | undefined; country?: string | null | undefined; is_email_verified?: boolean | undefined; ... 6 more ...; bio?: string | ... 1 more ... | undefined; }'.
src/components/dashboard/sidebar.tsx(130,70): error TS2322: Type '{ children: (false | Element)[]; isActive: boolean; icon: Element; tooltip: string; }' is not assignable to type 'IntrinsicAttributes & Omit<ClassAttributes<HTMLButtonElement> & ButtonHTMLAttributes<HTMLButtonElement> & { ...; } & VariantProps<...>, "ref"> & RefAttributes<...>'.
  Property 'icon' does not exist on type 'IntrinsicAttributes & Omit<ClassAttributes<HTMLButtonElement> & ButtonHTMLAttributes<HTMLButtonElement> & { ...; } & VariantProps<...>, "ref"> & RefAttributes<...>'.
src/components/dashboard/sidebar.tsx(151,72): error TS2322: Type '{ children: Element; isActive: boolean; icon: Element; tooltip: string; }' is not assignable to type 'IntrinsicAttributes & Omit<ClassAttributes<HTMLButtonElement> & ButtonHTMLAttributes<HTMLButtonElement> & { ...; } & VariantProps<...>, "ref"> & RefAttributes<...>'.
  Property 'icon' does not exist on type 'IntrinsicAttributes & Omit<ClassAttributes<HTMLButtonElement> & ButtonHTMLAttributes<HTMLButtonElement> & { ...; } & VariantProps<...>, "ref"> & RefAttributes<...>'.
src/components/dashboard/sidebar.tsx(173,32): error TS2322: Type '{ children: string; icon: Element; tooltip: string; onClick: () => Promise<void>; }' is not assignable to type 'IntrinsicAttributes & Omit<ClassAttributes<HTMLButtonElement> & ButtonHTMLAttributes<HTMLButtonElement> & { ...; } & VariantProps<...>, "ref"> & RefAttributes<...>'.
  Property 'icon' does not exist on type 'IntrinsicAttributes & Omit<ClassAttributes<HTMLButtonElement> & ButtonHTMLAttributes<HTMLButtonElement> & { ...; } & VariantProps<...>, "ref"> & RefAttributes<...>'.
src/components/input.tsx(2,15): error TS2305: Module '"@/components/ui/input"' has no exported member 'InputProps'.
src/components/p2p/ActiveTrades.tsx(119,80): error TS2339: Property 'trade_id' does not exist on type 'Trade'.
src/components/p2p/ActiveTrades.tsx(119,98): error TS2339: Property 'public_id' does not exist on type 'Trade'.
src/components/p2p/AdCard.tsx(86,30): error TS2339: Property 'created_at' does not exist on type '{ username?: string | null | undefined; avatar_url?: string | null | undefined; completed_trades?: number | undefined; positive_feedback?: number | undefined; negative_feedback?: number | undefined; is_online?: boolean | undefined; last_seen?: string | ... 1 more ... | undefined; seller_last_seen?: string | ... 1 mo...'.
src/components/p2p/AdCard.tsx(86,53): error TS2339: Property 'createdAt' does not exist on type '{ username?: string | null | undefined; avatar_url?: string | null | undefined; completed_trades?: number | undefined; positive_feedback?: number | undefined; negative_feedback?: number | undefined; is_online?: boolean | undefined; last_seen?: string | ... 1 more ... | undefined; seller_last_seen?: string | ... 1 mo...'.
src/components/p2p/AdCard.tsx(86,79): error TS2339: Property 'created_at' does not exist on type '{ id?: string | undefined; username?: string | null | undefined; avatar_url?: string | null | undefined; is_online?: boolean | null | undefined; last_seen?: string | null | undefined; ... 4 more ...; negative_feedback?: number | undefined; }'.
src/components/p2p/AdCard.tsx(86,106): error TS2339: Property 'createdAt' does not exist on type '{ id?: string | undefined; username?: string | null | undefined; avatar_url?: string | null | undefined; is_online?: boolean | null | undefined; last_seen?: string | null | undefined; ... 4 more ...; negative_feedback?: number | undefined; }'.
src/components/p2p/AdCard.tsx(133,14): error TS2339: Property 'photo_url' does not exist on type '{ username?: string | null | undefined; avatar_url?: string | null | undefined; completed_trades?: number | undefined; positive_feedback?: number | undefined; negative_feedback?: number | undefined; is_online?: boolean | undefined; last_seen?: string | ... 1 more ... | undefined; seller_last_seen?: string | ... 1 mo...'.
src/components/p2p/AdCard.tsx(134,14): error TS2339: Property 'photoURL' does not exist on type '{ username?: string | null | undefined; avatar_url?: string | null | undefined; completed_trades?: number | undefined; positive_feedback?: number | undefined; negative_feedback?: number | undefined; is_online?: boolean | undefined; last_seen?: string | ... 1 more ... | undefined; seller_last_seen?: string | ... 1 mo...'.
src/components/p2p/AdCard.tsx(136,18): error TS2339: Property 'photo_url' does not exist on type '{ id?: string | undefined; username?: string | null | undefined; avatar_url?: string | null | undefined; is_online?: boolean | null | undefined; last_seen?: string | null | undefined; ... 4 more ...; negative_feedback?: number | undefined; }'.
src/components/p2p/ad-card.tsx(203,39): error TS7006: Parameter 'badge' implicitly has an 'any' type.
src/components/p2p/ad-card.tsx(203,46): error TS7006: Parameter 'i' implicitly has an 'any' type.
src/components/p2p/ad-card.tsx(250,44): error TS7006: Parameter 'pm' implicitly has an 'any' type.
src/components/p2p/ad-card.tsx(255,28): error TS7006: Parameter 'tag' implicitly has an 'any' type.
src/components/p2p/ad-card.tsx(347,148): error TS7006: Parameter 'pm' implicitly has an 'any' type.
src/components/p2p/ad-card.tsx(356,78): error TS7006: Parameter 'tag' implicitly has an 'any' type.
src/components/p2p/create-ad-form.tsx(236,54): error TS2345: Argument of type 'string | undefined' is not assignable to parameter of type 'string'.
  Type 'undefined' is not assignable to type 'string'.
src/components/p2p/create-ad-form.tsx(251,5): error TS2322: Type '{ ratePercent: number; paymentTimeLimit: number; minCompletedTrades: number; paymentMethods: string[]; tags: string[]; targetedCountries: string[]; blockedCountries: string[]; id: string; userId: string; ... 16 more ...; createdAt?: string | undefined; } | { ...; }' is not assignable to type 'AsyncDefaultValues<{ crypto: string; terms: string; fiatCurrency: string; paymentMethods: string[]; adType: "buy" | "sell"; rateType: "fixed" | "market"; minAmount: number; maxAmount: number; paymentTimeLimit: number; ... 6 more ...; blockedCountries?: string[] | undefined; }> | { ...; } | undefined'.
  Type '{ ratePercent: number; paymentTimeLimit: number; minCompletedTrades: number; paymentMethods: string[]; tags: string[]; targetedCountries: string[]; blockedCountries: string[]; id: string; userId: string; ... 16 more ...; createdAt?: string; }' is not assignable to type 'AsyncDefaultValues<{ crypto: string; terms: string; fiatCurrency: string; paymentMethods: string[]; adType: "buy" | "sell"; rateType: "fixed" | "market"; minAmount: number; maxAmount: number; paymentTimeLimit: number; ... 6 more ...; blockedCountries?: string[] | undefined; }> | { ...; } | undefined'.
    Type '{ ratePercent: number; paymentTimeLimit: number; minCompletedTrades: number; paymentMethods: string[]; tags: string[]; targetedCountries: string[]; blockedCountries: string[]; id: string; userId: string; ... 16 more ...; createdAt?: string; }' is not assignable to type '{ crypto?: string | undefined; terms?: string | undefined; fiatCurrency?: string | undefined; paymentMethods?: (string | undefined)[] | undefined; adType?: "buy" | "sell" | undefined; ... 10 more ...; blockedCountries?: (string | undefined)[] | undefined; }'.
      Types of property 'rateType' are incompatible.
        Type '"fixed" | "floating" | "market"' is not assignable to type '"fixed" | "market" | undefined'.
          Type '"floating"' is not assignable to type '"fixed" | "market" | undefined'.
src/components/p2p/create-ad-form.tsx(414,11): error TS2322: Type 'string | null | undefined' is not assignable to type 'string | undefined'.
  Type 'null' is not assignable to type 'string | undefined'.
src/components/p2p/create-ad-form.tsx(415,34): error TS2339: Property 'feedbackScore' does not exist on type 'UserProfile'.
src/components/p2p/create-ad-form.tsx(416,37): error TS2339: Property 'positiveFeedback' does not exist on type 'UserProfile'.
src/components/p2p/create-ad-form.tsx(417,37): error TS2339: Property 'negativeFeedback' does not exist on type 'UserProfile'.
src/components/p2p/create-ad-form.tsx(418,36): error TS2339: Property 'completedTrades' does not exist on type 'UserProfile'.
src/components/p2p/create-ad-form.tsx(419,29): error TS2339: Property 'photoURL' does not exist on type 'UserProfile'.
src/components/p2p/create-ad-form.tsx(420,27): error TS2339: Property 'badges' does not exist on type 'UserProfile'.
src/components/p2p/create-ad-form.tsx(421,31): error TS2551: Property 'lastActive' does not exist on type 'UserProfile'. Did you mean 'last_active'?
src/components/p2p/create-ad-form.tsx(442,45): error TS2345: Argument of type '(data: { crypto: string; terms: string; fiatCurrency: string; paymentMethods: string[]; adType: "buy" | "sell"; rateType: "fixed" | "market"; minAmount: number; maxAmount: number; paymentTimeLimit: number; ... 6 more ...; blockedCountries?: string[] | undefined; }) => Promise<...>' is not assignable to parameter of type 'SubmitHandler<TFieldValues, Promise<void>>'.
  Types of parameters 'data' and 'data' are incompatible.
    Type 'TFieldValues' is not assignable to type '{ crypto: string; terms: string; fiatCurrency: string; paymentMethods: string[]; adType: "buy" | "sell"; rateType: "fixed" | "market"; minAmount: number; maxAmount: number; paymentTimeLimit: number; ... 6 more ...; blockedCountries?: string[] | undefined; }'.
      Type 'FieldValues' is missing the following properties from type '{ crypto: string; terms: string; fiatCurrency: string; paymentMethods: string[]; adType: "buy" | "sell"; rateType: "fixed" | "market"; minAmount: number; maxAmount: number; paymentTimeLimit: number; ... 6 more ...; blockedCountries?: string[] | undefined; }': crypto, terms, fiatCurrency, paymentMethods, and 6 more.
src/components/p2p/create-ad-form.tsx(444,15): error TS2322: Type 'Control<{ crypto: string; terms: string; fiatCurrency: string; paymentMethods: string[]; adType: "buy" | "sell"; rateType: "fixed" | "market"; minAmount: number; maxAmount: number; paymentTimeLimit: number; ... 6 more ...; blockedCountries?: string[] | undefined; }, any, TFieldValues>' is not assignable to type 'Control<{ crypto: string; terms: string; fiatCurrency: string; paymentMethods: string[]; adType: "buy" | "sell"; rateType: "fixed" | "market"; minAmount: number; maxAmount: number; paymentTimeLimit: number; ... 6 more ...; blockedCountries?: string[] | undefined; }, any, { ...; }>'.
  The types of '_options.resolver' are incompatible between these types.
    Type 'Resolver<{ crypto: string; terms: string; fiatCurrency: string; paymentMethods: string[]; adType: "buy" | "sell"; rateType: "fixed" | "market"; minAmount: number; maxAmount: number; paymentTimeLimit: number; ... 6 more ...; blockedCountries?: string[] | undefined; }, any, TFieldValues> | undefined' is not assignable to type 'Resolver<{ crypto: string; terms: string; fiatCurrency: string; paymentMethods: string[]; adType: "buy" | "sell"; rateType: "fixed" | "market"; minAmount: number; maxAmount: number; paymentTimeLimit: number; ... 6 more ...; blockedCountries?: string[] | undefined; }, any, { ...; }> | undefined'.
      Type 'Resolver<{ crypto: string; terms: string; fiatCurrency: string; paymentMethods: string[]; adType: "buy" | "sell"; rateType: "fixed" | "market"; minAmount: number; maxAmount: number; paymentTimeLimit: number; ... 6 more ...; blockedCountries?: string[] | undefined; }, any, TFieldValues>' is not assignable to type 'Resolver<{ crypto: string; terms: string; fiatCurrency: string; paymentMethods: string[]; adType: "buy" | "sell"; rateType: "fixed" | "market"; minAmount: number; maxAmount: number; paymentTimeLimit: number; ... 6 more ...; blockedCountries?: string[] | undefined; }, any, { ...; }>'.
        Type 'ResolverResult<{ crypto: string; terms: string; fiatCurrency: string; paymentMethods: string[]; adType: "buy" | "sell"; rateType: "fixed" | "market"; minAmount: number; maxAmount: number; paymentTimeLimit: number; ... 6 more ...; blockedCountries?: string[] | undefined; }, TFieldValues> | Promise<...>' is not assignable to type 'ResolverResult<{ crypto: string; terms: string; fiatCurrency: string; paymentMethods: string[]; adType: "buy" | "sell"; rateType: "fixed" | "market"; minAmount: number; maxAmount: number; paymentTimeLimit: number; ... 6 more ...; blockedCountries?: string[] | undefined; }, { ...; }> | Promise<...>'.
          Type 'ResolverSuccess<TFieldValues>' is not assignable to type 'ResolverResult<{ crypto: string; terms: string; fiatCurrency: string; paymentMethods: string[]; adType: "buy" | "sell"; rateType: "fixed" | "market"; minAmount: number; maxAmount: number; paymentTimeLimit: number; ... 6 more ...; blockedCountries?: string[] | undefined; }, { ...; }> | Promise<...>'.
            Type 'ResolverSuccess<TFieldValues>' is not assignable to type 'ResolverSuccess<{ crypto: string; terms: string; fiatCurrency: string; paymentMethods: string[]; adType: "buy" | "sell"; rateType: "fixed" | "market"; minAmount: number; maxAmount: number; paymentTimeLimit: number; ... 6 more ...; blockedCountries?: string[] | undefined; }>'.
              Type 'TFieldValues' is not assignable to type '{ crypto: string; terms: string; fiatCurrency: string; paymentMethods: string[]; adType: "buy" | "sell"; rateType: "fixed" | "market"; minAmount: number; maxAmount: number; paymentTimeLimit: number; ... 6 more ...; blockedCountries?: string[] | undefined; }'.
                Type 'FieldValues' is missing the following properties from type '{ crypto: string; terms: string; fiatCurrency: string; paymentMethods: string[]; adType: "buy" | "sell"; rateType: "fixed" | "market"; minAmount: number; maxAmount: number; paymentTimeLimit: number; ... 6 more ...; blockedCountries?: string[] | undefined; }': crypto, terms, fiatCurrency, paymentMethods, and 6 more.
src/components/p2p/create-ad-form.tsx(467,17): error TS2322: Type 'Control<{ crypto: string; terms: string; fiatCurrency: string; paymentMethods: string[]; adType: "buy" | "sell"; rateType: "fixed" | "market"; minAmount: number; maxAmount: number; paymentTimeLimit: number; ... 6 more ...; blockedCountries?: string[] | undefined; }, any, TFieldValues>' is not assignable to type 'Control<{ crypto: string; terms: string; fiatCurrency: string; paymentMethods: string[]; adType: "buy" | "sell"; rateType: "fixed" | "market"; minAmount: number; maxAmount: number; paymentTimeLimit: number; ... 6 more ...; blockedCountries?: string[] | undefined; }, any, { ...; }>'.
  The types of '_options.resolver' are incompatible between these types.
    Type 'Resolver<{ crypto: string; terms: string; fiatCurrency: string; paymentMethods: string[]; adType: "buy" | "sell"; rateType: "fixed" | "market"; minAmount: number; maxAmount: number; paymentTimeLimit: number; ... 6 more ...; blockedCountries?: string[] | undefined; }, any, TFieldValues> | undefined' is not assignable to type 'Resolver<{ crypto: string; terms: string; fiatCurrency: string; paymentMethods: string[]; adType: "buy" | "sell"; rateType: "fixed" | "market"; minAmount: number; maxAmount: number; paymentTimeLimit: number; ... 6 more ...; blockedCountries?: string[] | undefined; }, any, { ...; }> | undefined'.
      Type 'Resolver<{ crypto: string; terms: string; fiatCurrency: string; paymentMethods: string[]; adType: "buy" | "sell"; rateType: "fixed" | "market"; minAmount: number; maxAmount: number; paymentTimeLimit: number; ... 6 more ...; blockedCountries?: string[] | undefined; }, any, TFieldValues>' is not assignable to type 'Resolver<{ crypto: string; terms: string; fiatCurrency: string; paymentMethods: string[]; adType: "buy" | "sell"; rateType: "fixed" | "market"; minAmount: number; maxAmount: number; paymentTimeLimit: number; ... 6 more ...; blockedCountries?: string[] | undefined; }, any, { ...; }>'.
        Type 'ResolverResult<{ crypto: string; terms: string; fiatCurrency: string; paymentMethods: string[]; adType: "buy" | "sell"; rateType: "fixed" | "market"; minAmount: number; maxAmount: number; paymentTimeLimit: number; ... 6 more ...; blockedCountries?: string[] | undefined; }, TFieldValues> | Promise<...>' is not assignable to type 'ResolverResult<{ crypto: string; terms: string; fiatCurrency: string; paymentMethods: string[]; adType: "buy" | "sell"; rateType: "fixed" | "market"; minAmount: number; maxAmount: number; paymentTimeLimit: number; ... 6 more ...; blockedCountries?: string[] | undefined; }, { ...; }> | Promise<...>'.
          Type 'ResolverSuccess<TFieldValues>' is not assignable to type 'ResolverResult<{ crypto: string; terms: string; fiatCurrency: string; paymentMethods: string[]; adType: "buy" | "sell"; rateType: "fixed" | "market"; minAmount: number; maxAmount: number; paymentTimeLimit: number; ... 6 more ...; blockedCountries?: string[] | undefined; }, { ...; }> | Promise<...>'.
            Type 'ResolverSuccess<TFieldValues>' is not assignable to type 'ResolverSuccess<{ crypto: string; terms: string; fiatCurrency: string; paymentMethods: string[]; adType: "buy" | "sell"; rateType: "fixed" | "market"; minAmount: number; maxAmount: number; paymentTimeLimit: number; ... 6 more ...; blockedCountries?: string[] | undefined; }>'.
              Type 'TFieldValues' is not assignable to type '{ crypto: string; terms: string; fiatCurrency: string; paymentMethods: string[]; adType: "buy" | "sell"; rateType: "fixed" | "market"; minAmount: number; maxAmount: number; paymentTimeLimit: number; ... 6 more ...; blockedCountries?: string[] | undefined; }'.
                Type 'FieldValues' is missing the following properties from type '{ crypto: string; terms: string; fiatCurrency: string; paymentMethods: string[]; adType: "buy" | "sell"; rateType: "fixed" | "market"; minAmount: number; maxAmount: number; paymentTimeLimit: number; ... 6 more ...; blockedCountries?: string[] | undefined; }': crypto, terms, fiatCurrency, paymentMethods, and 6 more.
src/components/p2p/create-ad-form.tsx(485,17): error TS2322: Type 'Control<{ crypto: string; terms: string; fiatCurrency: string; paymentMethods: string[]; adType: "buy" | "sell"; rateType: "fixed" | "market"; minAmount: number; maxAmount: number; paymentTimeLimit: number; ... 6 more ...; blockedCountries?: string[] | undefined; }, any, TFieldValues>' is not assignable to type 'Control<{ crypto: string; terms: string; fiatCurrency: string; paymentMethods: string[]; adType: "buy" | "sell"; rateType: "fixed" | "market"; minAmount: number; maxAmount: number; paymentTimeLimit: number; ... 6 more ...; blockedCountries?: string[] | undefined; }, any, { ...; }>'.
  The types of '_options.resolver' are incompatible between these types.
    Type 'Resolver<{ crypto: string; terms: string; fiatCurrency: string; paymentMethods: string[]; adType: "buy" | "sell"; rateType: "fixed" | "market"; minAmount: number; maxAmount: number; paymentTimeLimit: number; ... 6 more ...; blockedCountries?: string[] | undefined; }, any, TFieldValues> | undefined' is not assignable to type 'Resolver<{ crypto: string; terms: string; fiatCurrency: string; paymentMethods: string[]; adType: "buy" | "sell"; rateType: "fixed" | "market"; minAmount: number; maxAmount: number; paymentTimeLimit: number; ... 6 more ...; blockedCountries?: string[] | undefined; }, any, { ...; }> | undefined'.
      Type 'Resolver<{ crypto: string; terms: string; fiatCurrency: string; paymentMethods: string[]; adType: "buy" | "sell"; rateType: "fixed" | "market"; minAmount: number; maxAmount: number; paymentTimeLimit: number; ... 6 more ...; blockedCountries?: string[] | undefined; }, any, TFieldValues>' is not assignable to type 'Resolver<{ crypto: string; terms: string; fiatCurrency: string; paymentMethods: string[]; adType: "buy" | "sell"; rateType: "fixed" | "market"; minAmount: number; maxAmount: number; paymentTimeLimit: number; ... 6 more ...; blockedCountries?: string[] | undefined; }, any, { ...; }>'.
        Type 'ResolverResult<{ crypto: string; terms: string; fiatCurrency: string; paymentMethods: string[]; adType: "buy" | "sell"; rateType: "fixed" | "market"; minAmount: number; maxAmount: number; paymentTimeLimit: number; ... 6 more ...; blockedCountries?: string[] | undefined; }, TFieldValues> | Promise<...>' is not assignable to type 'ResolverResult<{ crypto: string; terms: string; fiatCurrency: string; paymentMethods: string[]; adType: "buy" | "sell"; rateType: "fixed" | "market"; minAmount: number; maxAmount: number; paymentTimeLimit: number; ... 6 more ...; blockedCountries?: string[] | undefined; }, { ...; }> | Promise<...>'.
          Type 'ResolverSuccess<TFieldValues>' is not assignable to type 'ResolverResult<{ crypto: string; terms: string; fiatCurrency: string; paymentMethods: string[]; adType: "buy" | "sell"; rateType: "fixed" | "market"; minAmount: number; maxAmount: number; paymentTimeLimit: number; ... 6 more ...; blockedCountries?: string[] | undefined; }, { ...; }> | Promise<...>'.
            Type 'ResolverSuccess<TFieldValues>' is not assignable to type 'ResolverSuccess<{ crypto: string; terms: string; fiatCurrency: string; paymentMethods: string[]; adType: "buy" | "sell"; rateType: "fixed" | "market"; minAmount: number; maxAmount: number; paymentTimeLimit: number; ... 6 more ...; blockedCountries?: string[] | undefined; }>'.
              Type 'TFieldValues' is not assignable to type '{ crypto: string; terms: string; fiatCurrency: string; paymentMethods: string[]; adType: "buy" | "sell"; rateType: "fixed" | "market"; minAmount: number; maxAmount: number; paymentTimeLimit: number; ... 6 more ...; blockedCountries?: string[] | undefined; }'.
                Type 'FieldValues' is missing the following properties from type '{ crypto: string; terms: string; fiatCurrency: string; paymentMethods: string[]; adType: "buy" | "sell"; rateType: "fixed" | "market"; minAmount: number; maxAmount: number; paymentTimeLimit: number; ... 6 more ...; blockedCountries?: string[] | undefined; }': crypto, terms, fiatCurrency, paymentMethods, and 6 more.
src/components/p2p/create-ad-form.tsx(553,15): error TS2322: Type 'Control<{ crypto: string; terms: string; fiatCurrency: string; paymentMethods: string[]; adType: "buy" | "sell"; rateType: "fixed" | "market"; minAmount: number; maxAmount: number; paymentTimeLimit: number; ... 6 more ...; blockedCountries?: string[] | undefined; }, any, TFieldValues>' is not assignable to type 'Control<{ crypto: string; terms: string; fiatCurrency: string; paymentMethods: string[]; adType: "buy" | "sell"; rateType: "fixed" | "market"; minAmount: number; maxAmount: number; paymentTimeLimit: number; ... 6 more ...; blockedCountries?: string[] | undefined; }, any, { ...; }>'.
  The types of '_options.resolver' are incompatible between these types.
    Type 'Resolver<{ crypto: string; terms: string; fiatCurrency: string; paymentMethods: string[]; adType: "buy" | "sell"; rateType: "fixed" | "market"; minAmount: number; maxAmount: number; paymentTimeLimit: number; ... 6 more ...; blockedCountries?: string[] | undefined; }, any, TFieldValues> | undefined' is not assignable to type 'Resolver<{ crypto: string; terms: string; fiatCurrency: string; paymentMethods: string[]; adType: "buy" | "sell"; rateType: "fixed" | "market"; minAmount: number; maxAmount: number; paymentTimeLimit: number; ... 6 more ...; blockedCountries?: string[] | undefined; }, any, { ...; }> | undefined'.
      Type 'Resolver<{ crypto: string; terms: string; fiatCurrency: string; paymentMethods: string[]; adType: "buy" | "sell"; rateType: "fixed" | "market"; minAmount: number; maxAmount: number; paymentTimeLimit: number; ... 6 more ...; blockedCountries?: string[] | undefined; }, any, TFieldValues>' is not assignable to type 'Resolver<{ crypto: string; terms: string; fiatCurrency: string; paymentMethods: string[]; adType: "buy" | "sell"; rateType: "fixed" | "market"; minAmount: number; maxAmount: number; paymentTimeLimit: number; ... 6 more ...; blockedCountries?: string[] | undefined; }, any, { ...; }>'.
        Type 'ResolverResult<{ crypto: string; terms: string; fiatCurrency: string; paymentMethods: string[]; adType: "buy" | "sell"; rateType: "fixed" | "market"; minAmount: number; maxAmount: number; paymentTimeLimit: number; ... 6 more ...; blockedCountries?: string[] | undefined; }, TFieldValues> | Promise<...>' is not assignable to type 'ResolverResult<{ crypto: string; terms: string; fiatCurrency: string; paymentMethods: string[]; adType: "buy" | "sell"; rateType: "fixed" | "market"; minAmount: number; maxAmount: number; paymentTimeLimit: number; ... 6 more ...; blockedCountries?: string[] | undefined; }, { ...; }> | Promise<...>'.
          Type 'ResolverSuccess<TFieldValues>' is not assignable to type 'ResolverResult<{ crypto: string; terms: string; fiatCurrency: string; paymentMethods: string[]; adType: "buy" | "sell"; rateType: "fixed" | "market"; minAmount: number; maxAmount: number; paymentTimeLimit: number; ... 6 more ...; blockedCountries?: string[] | undefined; }, { ...; }> | Promise<...>'.
            Type 'ResolverSuccess<TFieldValues>' is not assignable to type 'ResolverSuccess<{ crypto: string; terms: string; fiatCurrency: string; paymentMethods: string[]; adType: "buy" | "sell"; rateType: "fixed" | "market"; minAmount: number; maxAmount: number; paymentTimeLimit: number; ... 6 more ...; blockedCountries?: string[] | undefined; }>'.
              Type 'TFieldValues' is not assignable to type '{ crypto: string; terms: string; fiatCurrency: string; paymentMethods: string[]; adType: "buy" | "sell"; rateType: "fixed" | "market"; minAmount: number; maxAmount: number; paymentTimeLimit: number; ... 6 more ...; blockedCountries?: string[] | undefined; }'.
                Type 'FieldValues' is missing the following properties from type '{ crypto: string; terms: string; fiatCurrency: string; paymentMethods: string[]; adType: "buy" | "sell"; rateType: "fixed" | "market"; minAmount: number; maxAmount: number; paymentTimeLimit: number; ... 6 more ...; blockedCountries?: string[] | undefined; }': crypto, terms, fiatCurrency, paymentMethods, and 6 more.
src/components/p2p/create-ad-form.tsx(629,15): error TS2322: Type 'Control<{ crypto: string; terms: string; fiatCurrency: string; paymentMethods: string[]; adType: "buy" | "sell"; rateType: "fixed" | "market"; minAmount: number; maxAmount: number; paymentTimeLimit: number; ... 6 more ...; blockedCountries?: string[] | undefined; }, any, TFieldValues>' is not assignable to type 'Control<{ crypto: string; terms: string; fiatCurrency: string; paymentMethods: string[]; adType: "buy" | "sell"; rateType: "fixed" | "market"; minAmount: number; maxAmount: number; paymentTimeLimit: number; ... 6 more ...; blockedCountries?: string[] | undefined; }, any, { ...; }>'.
  The types of '_options.resolver' are incompatible between these types.
    Type 'Resolver<{ crypto: string; terms: string; fiatCurrency: string; paymentMethods: string[]; adType: "buy" | "sell"; rateType: "fixed" | "market"; minAmount: number; maxAmount: number; paymentTimeLimit: number; ... 6 more ...; blockedCountries?: string[] | undefined; }, any, TFieldValues> | undefined' is not assignable to type 'Resolver<{ crypto: string; terms: string; fiatCurrency: string; paymentMethods: string[]; adType: "buy" | "sell"; rateType: "fixed" | "market"; minAmount: number; maxAmount: number; paymentTimeLimit: number; ... 6 more ...; blockedCountries?: string[] | undefined; }, any, { ...; }> | undefined'.
      Type 'Resolver<{ crypto: string; terms: string; fiatCurrency: string; paymentMethods: string[]; adType: "buy" | "sell"; rateType: "fixed" | "market"; minAmount: number; maxAmount: number; paymentTimeLimit: number; ... 6 more ...; blockedCountries?: string[] | undefined; }, any, TFieldValues>' is not assignable to type 'Resolver<{ crypto: string; terms: string; fiatCurrency: string; paymentMethods: string[]; adType: "buy" | "sell"; rateType: "fixed" | "market"; minAmount: number; maxAmount: number; paymentTimeLimit: number; ... 6 more ...; blockedCountries?: string[] | undefined; }, any, { ...; }>'.
        Type 'ResolverResult<{ crypto: string; terms: string; fiatCurrency: string; paymentMethods: string[]; adType: "buy" | "sell"; rateType: "fixed" | "market"; minAmount: number; maxAmount: number; paymentTimeLimit: number; ... 6 more ...; blockedCountries?: string[] | undefined; }, TFieldValues> | Promise<...>' is not assignable to type 'ResolverResult<{ crypto: string; terms: string; fiatCurrency: string; paymentMethods: string[]; adType: "buy" | "sell"; rateType: "fixed" | "market"; minAmount: number; maxAmount: number; paymentTimeLimit: number; ... 6 more ...; blockedCountries?: string[] | undefined; }, { ...; }> | Promise<...>'.
          Type 'ResolverSuccess<TFieldValues>' is not assignable to type 'ResolverResult<{ crypto: string; terms: string; fiatCurrency: string; paymentMethods: string[]; adType: "buy" | "sell"; rateType: "fixed" | "market"; minAmount: number; maxAmount: number; paymentTimeLimit: number; ... 6 more ...; blockedCountries?: string[] | undefined; }, { ...; }> | Promise<...>'.
            Type 'ResolverSuccess<TFieldValues>' is not assignable to type 'ResolverSuccess<{ crypto: string; terms: string; fiatCurrency: string; paymentMethods: string[]; adType: "buy" | "sell"; rateType: "fixed" | "market"; minAmount: number; maxAmount: number; paymentTimeLimit: number; ... 6 more ...; blockedCountries?: string[] | undefined; }>'.
              Type 'TFieldValues' is not assignable to type '{ crypto: string; terms: string; fiatCurrency: string; paymentMethods: string[]; adType: "buy" | "sell"; rateType: "fixed" | "market"; minAmount: number; maxAmount: number; paymentTimeLimit: number; ... 6 more ...; blockedCountries?: string[] | undefined; }'.
                Type 'FieldValues' is missing the following properties from type '{ crypto: string; terms: string; fiatCurrency: string; paymentMethods: string[]; adType: "buy" | "sell"; rateType: "fixed" | "market"; minAmount: number; maxAmount: number; paymentTimeLimit: number; ... 6 more ...; blockedCountries?: string[] | undefined; }': crypto, terms, fiatCurrency, paymentMethods, and 6 more.
src/components/p2p/create-ad-form.tsx(657,17): error TS2322: Type 'Control<{ crypto: string; terms: string; fiatCurrency: string; paymentMethods: string[]; adType: "buy" | "sell"; rateType: "fixed" | "market"; minAmount: number; maxAmount: number; paymentTimeLimit: number; ... 6 more ...; blockedCountries?: string[] | undefined; }, any, TFieldValues>' is not assignable to type 'Control<{ crypto: string; terms: string; fiatCurrency: string; paymentMethods: string[]; adType: "buy" | "sell"; rateType: "fixed" | "market"; minAmount: number; maxAmount: number; paymentTimeLimit: number; ... 6 more ...; blockedCountries?: string[] | undefined; }, any, { ...; }>'.
  The types of '_options.resolver' are incompatible between these types.
    Type 'Resolver<{ crypto: string; terms: string; fiatCurrency: string; paymentMethods: string[]; adType: "buy" | "sell"; rateType: "fixed" | "market"; minAmount: number; maxAmount: number; paymentTimeLimit: number; ... 6 more ...; blockedCountries?: string[] | undefined; }, any, TFieldValues> | undefined' is not assignable to type 'Resolver<{ crypto: string; terms: string; fiatCurrency: string; paymentMethods: string[]; adType: "buy" | "sell"; rateType: "fixed" | "market"; minAmount: number; maxAmount: number; paymentTimeLimit: number; ... 6 more ...; blockedCountries?: string[] | undefined; }, any, { ...; }> | undefined'.
      Type 'Resolver<{ crypto: string; terms: string; fiatCurrency: string; paymentMethods: string[]; adType: "buy" | "sell"; rateType: "fixed" | "market"; minAmount: number; maxAmount: number; paymentTimeLimit: number; ... 6 more ...; blockedCountries?: string[] | undefined; }, any, TFieldValues>' is not assignable to type 'Resolver<{ crypto: string; terms: string; fiatCurrency: string; paymentMethods: string[]; adType: "buy" | "sell"; rateType: "fixed" | "market"; minAmount: number; maxAmount: number; paymentTimeLimit: number; ... 6 more ...; blockedCountries?: string[] | undefined; }, any, { ...; }>'.
        Type 'ResolverResult<{ crypto: string; terms: string; fiatCurrency: string; paymentMethods: string[]; adType: "buy" | "sell"; rateType: "fixed" | "market"; minAmount: number; maxAmount: number; paymentTimeLimit: number; ... 6 more ...; blockedCountries?: string[] | undefined; }, TFieldValues> | Promise<...>' is not assignable to type 'ResolverResult<{ crypto: string; terms: string; fiatCurrency: string; paymentMethods: string[]; adType: "buy" | "sell"; rateType: "fixed" | "market"; minAmount: number; maxAmount: number; paymentTimeLimit: number; ... 6 more ...; blockedCountries?: string[] | undefined; }, { ...; }> | Promise<...>'.
          Type 'ResolverSuccess<TFieldValues>' is not assignable to type 'ResolverResult<{ crypto: string; terms: string; fiatCurrency: string; paymentMethods: string[]; adType: "buy" | "sell"; rateType: "fixed" | "market"; minAmount: number; maxAmount: number; paymentTimeLimit: number; ... 6 more ...; blockedCountries?: string[] | undefined; }, { ...; }> | Promise<...>'.
            Type 'ResolverSuccess<TFieldValues>' is not assignable to type 'ResolverSuccess<{ crypto: string; terms: string; fiatCurrency: string; paymentMethods: string[]; adType: "buy" | "sell"; rateType: "fixed" | "market"; minAmount: number; maxAmount: number; paymentTimeLimit: number; ... 6 more ...; blockedCountries?: string[] | undefined; }>'.
              Type 'TFieldValues' is not assignable to type '{ crypto: string; terms: string; fiatCurrency: string; paymentMethods: string[]; adType: "buy" | "sell"; rateType: "fixed" | "market"; minAmount: number; maxAmount: number; paymentTimeLimit: number; ... 6 more ...; blockedCountries?: string[] | undefined; }'.
                Type 'FieldValues' is missing the following properties from type '{ crypto: string; terms: string; fiatCurrency: string; paymentMethods: string[]; adType: "buy" | "sell"; rateType: "fixed" | "market"; minAmount: number; maxAmount: number; paymentTimeLimit: number; ... 6 more ...; blockedCountries?: string[] | undefined; }': crypto, terms, fiatCurrency, paymentMethods, and 6 more.
src/components/p2p/create-ad-form.tsx(676,17): error TS2322: Type 'Control<{ crypto: string; terms: string; fiatCurrency: string; paymentMethods: string[]; adType: "buy" | "sell"; rateType: "fixed" | "market"; minAmount: number; maxAmount: number; paymentTimeLimit: number; ... 6 more ...; blockedCountries?: string[] | undefined; }, any, TFieldValues>' is not assignable to type 'Control<{ crypto: string; terms: string; fiatCurrency: string; paymentMethods: string[]; adType: "buy" | "sell"; rateType: "fixed" | "market"; minAmount: number; maxAmount: number; paymentTimeLimit: number; ... 6 more ...; blockedCountries?: string[] | undefined; }, any, { ...; }>'.
  The types of '_options.resolver' are incompatible between these types.
    Type 'Resolver<{ crypto: string; terms: string; fiatCurrency: string; paymentMethods: string[]; adType: "buy" | "sell"; rateType: "fixed" | "market"; minAmount: number; maxAmount: number; paymentTimeLimit: number; ... 6 more ...; blockedCountries?: string[] | undefined; }, any, TFieldValues> | undefined' is not assignable to type 'Resolver<{ crypto: string; terms: string; fiatCurrency: string; paymentMethods: string[]; adType: "buy" | "sell"; rateType: "fixed" | "market"; minAmount: number; maxAmount: number; paymentTimeLimit: number; ... 6 more ...; blockedCountries?: string[] | undefined; }, any, { ...; }> | undefined'.
      Type 'Resolver<{ crypto: string; terms: string; fiatCurrency: string; paymentMethods: string[]; adType: "buy" | "sell"; rateType: "fixed" | "market"; minAmount: number; maxAmount: number; paymentTimeLimit: number; ... 6 more ...; blockedCountries?: string[] | undefined; }, any, TFieldValues>' is not assignable to type 'Resolver<{ crypto: string; terms: string; fiatCurrency: string; paymentMethods: string[]; adType: "buy" | "sell"; rateType: "fixed" | "market"; minAmount: number; maxAmount: number; paymentTimeLimit: number; ... 6 more ...; blockedCountries?: string[] | undefined; }, any, { ...; }>'.
        Type 'ResolverResult<{ crypto: string; terms: string; fiatCurrency: string; paymentMethods: string[]; adType: "buy" | "sell"; rateType: "fixed" | "market"; minAmount: number; maxAmount: number; paymentTimeLimit: number; ... 6 more ...; blockedCountries?: string[] | undefined; }, TFieldValues> | Promise<...>' is not assignable to type 'ResolverResult<{ crypto: string; terms: string; fiatCurrency: string; paymentMethods: string[]; adType: "buy" | "sell"; rateType: "fixed" | "market"; minAmount: number; maxAmount: number; paymentTimeLimit: number; ... 6 more ...; blockedCountries?: string[] | undefined; }, { ...; }> | Promise<...>'.
          Type 'ResolverSuccess<TFieldValues>' is not assignable to type 'ResolverResult<{ crypto: string; terms: string; fiatCurrency: string; paymentMethods: string[]; adType: "buy" | "sell"; rateType: "fixed" | "market"; minAmount: number; maxAmount: number; paymentTimeLimit: number; ... 6 more ...; blockedCountries?: string[] | undefined; }, { ...; }> | Promise<...>'.
            Type 'ResolverSuccess<TFieldValues>' is not assignable to type 'ResolverSuccess<{ crypto: string; terms: string; fiatCurrency: string; paymentMethods: string[]; adType: "buy" | "sell"; rateType: "fixed" | "market"; minAmount: number; maxAmount: number; paymentTimeLimit: number; ... 6 more ...; blockedCountries?: string[] | undefined; }>'.
              Type 'TFieldValues' is not assignable to type '{ crypto: string; terms: string; fiatCurrency: string; paymentMethods: string[]; adType: "buy" | "sell"; rateType: "fixed" | "market"; minAmount: number; maxAmount: number; paymentTimeLimit: number; ... 6 more ...; blockedCountries?: string[] | undefined; }'.
                Type 'FieldValues' is missing the following properties from type '{ crypto: string; terms: string; fiatCurrency: string; paymentMethods: string[]; adType: "buy" | "sell"; rateType: "fixed" | "market"; minAmount: number; maxAmount: number; paymentTimeLimit: number; ... 6 more ...; blockedCountries?: string[] | undefined; }': crypto, terms, fiatCurrency, paymentMethods, and 6 more.
src/components/p2p/create-ad-form.tsx(698,17): error TS2322: Type 'Control<{ crypto: string; terms: string; fiatCurrency: string; paymentMethods: string[]; adType: "buy" | "sell"; rateType: "fixed" | "market"; minAmount: number; maxAmount: number; paymentTimeLimit: number; ... 6 more ...; blockedCountries?: string[] | undefined; }, any, TFieldValues>' is not assignable to type 'Control<{ crypto: string; terms: string; fiatCurrency: string; paymentMethods: string[]; adType: "buy" | "sell"; rateType: "fixed" | "market"; minAmount: number; maxAmount: number; paymentTimeLimit: number; ... 6 more ...; blockedCountries?: string[] | undefined; }, any, { ...; }>'.
  The types of '_options.resolver' are incompatible between these types.
    Type 'Resolver<{ crypto: string; terms: string; fiatCurrency: string; paymentMethods: string[]; adType: "buy" | "sell"; rateType: "fixed" | "market"; minAmount: number; maxAmount: number; paymentTimeLimit: number; ... 6 more ...; blockedCountries?: string[] | undefined; }, any, TFieldValues> | undefined' is not assignable to type 'Resolver<{ crypto: string; terms: string; fiatCurrency: string; paymentMethods: string[]; adType: "buy" | "sell"; rateType: "fixed" | "market"; minAmount: number; maxAmount: number; paymentTimeLimit: number; ... 6 more ...; blockedCountries?: string[] | undefined; }, any, { ...; }> | undefined'.
      Type 'Resolver<{ crypto: string; terms: string; fiatCurrency: string; paymentMethods: string[]; adType: "buy" | "sell"; rateType: "fixed" | "market"; minAmount: number; maxAmount: number; paymentTimeLimit: number; ... 6 more ...; blockedCountries?: string[] | undefined; }, any, TFieldValues>' is not assignable to type 'Resolver<{ crypto: string; terms: string; fiatCurrency: string; paymentMethods: string[]; adType: "buy" | "sell"; rateType: "fixed" | "market"; minAmount: number; maxAmount: number; paymentTimeLimit: number; ... 6 more ...; blockedCountries?: string[] | undefined; }, any, { ...; }>'.
        Type 'ResolverResult<{ crypto: string; terms: string; fiatCurrency: string; paymentMethods: string[]; adType: "buy" | "sell"; rateType: "fixed" | "market"; minAmount: number; maxAmount: number; paymentTimeLimit: number; ... 6 more ...; blockedCountries?: string[] | undefined; }, TFieldValues> | Promise<...>' is not assignable to type 'ResolverResult<{ crypto: string; terms: string; fiatCurrency: string; paymentMethods: string[]; adType: "buy" | "sell"; rateType: "fixed" | "market"; minAmount: number; maxAmount: number; paymentTimeLimit: number; ... 6 more ...; blockedCountries?: string[] | undefined; }, { ...; }> | Promise<...>'.
          Type 'ResolverSuccess<TFieldValues>' is not assignable to type 'ResolverResult<{ crypto: string; terms: string; fiatCurrency: string; paymentMethods: string[]; adType: "buy" | "sell"; rateType: "fixed" | "market"; minAmount: number; maxAmount: number; paymentTimeLimit: number; ... 6 more ...; blockedCountries?: string[] | undefined; }, { ...; }> | Promise<...>'.
            Type 'ResolverSuccess<TFieldValues>' is not assignable to type 'ResolverSuccess<{ crypto: string; terms: string; fiatCurrency: string; paymentMethods: string[]; adType: "buy" | "sell"; rateType: "fixed" | "market"; minAmount: number; maxAmount: number; paymentTimeLimit: number; ... 6 more ...; blockedCountries?: string[] | undefined; }>'.
              Type 'TFieldValues' is not assignable to type '{ crypto: string; terms: string; fiatCurrency: string; paymentMethods: string[]; adType: "buy" | "sell"; rateType: "fixed" | "market"; minAmount: number; maxAmount: number; paymentTimeLimit: number; ... 6 more ...; blockedCountries?: string[] | undefined; }'.
                Type 'FieldValues' is missing the following properties from type '{ crypto: string; terms: string; fiatCurrency: string; paymentMethods: string[]; adType: "buy" | "sell"; rateType: "fixed" | "market"; minAmount: number; maxAmount: number; paymentTimeLimit: number; ... 6 more ...; blockedCountries?: string[] | undefined; }': crypto, terms, fiatCurrency, paymentMethods, and 6 more.
src/components/p2p/create-ad-form.tsx(712,17): error TS2322: Type 'Control<{ crypto: string; terms: string; fiatCurrency: string; paymentMethods: string[]; adType: "buy" | "sell"; rateType: "fixed" | "market"; minAmount: number; maxAmount: number; paymentTimeLimit: number; ... 6 more ...; blockedCountries?: string[] | undefined; }, any, TFieldValues>' is not assignable to type 'Control<{ crypto: string; terms: string; fiatCurrency: string; paymentMethods: string[]; adType: "buy" | "sell"; rateType: "fixed" | "market"; minAmount: number; maxAmount: number; paymentTimeLimit: number; ... 6 more ...; blockedCountries?: string[] | undefined; }, any, { ...; }>'.
  The types of '_options.resolver' are incompatible between these types.
    Type 'Resolver<{ crypto: string; terms: string; fiatCurrency: string; paymentMethods: string[]; adType: "buy" | "sell"; rateType: "fixed" | "market"; minAmount: number; maxAmount: number; paymentTimeLimit: number; ... 6 more ...; blockedCountries?: string[] | undefined; }, any, TFieldValues> | undefined' is not assignable to type 'Resolver<{ crypto: string; terms: string; fiatCurrency: string; paymentMethods: string[]; adType: "buy" | "sell"; rateType: "fixed" | "market"; minAmount: number; maxAmount: number; paymentTimeLimit: number; ... 6 more ...; blockedCountries?: string[] | undefined; }, any, { ...; }> | undefined'.
      Type 'Resolver<{ crypto: string; terms: string; fiatCurrency: string; paymentMethods: string[]; adType: "buy" | "sell"; rateType: "fixed" | "market"; minAmount: number; maxAmount: number; paymentTimeLimit: number; ... 6 more ...; blockedCountries?: string[] | undefined; }, any, TFieldValues>' is not assignable to type 'Resolver<{ crypto: string; terms: string; fiatCurrency: string; paymentMethods: string[]; adType: "buy" | "sell"; rateType: "fixed" | "market"; minAmount: number; maxAmount: number; paymentTimeLimit: number; ... 6 more ...; blockedCountries?: string[] | undefined; }, any, { ...; }>'.
        Type 'ResolverResult<{ crypto: string; terms: string; fiatCurrency: string; paymentMethods: string[]; adType: "buy" | "sell"; rateType: "fixed" | "market"; minAmount: number; maxAmount: number; paymentTimeLimit: number; ... 6 more ...; blockedCountries?: string[] | undefined; }, TFieldValues> | Promise<...>' is not assignable to type 'ResolverResult<{ crypto: string; terms: string; fiatCurrency: string; paymentMethods: string[]; adType: "buy" | "sell"; rateType: "fixed" | "market"; minAmount: number; maxAmount: number; paymentTimeLimit: number; ... 6 more ...; blockedCountries?: string[] | undefined; }, { ...; }> | Promise<...>'.
          Type 'ResolverSuccess<TFieldValues>' is not assignable to type 'ResolverResult<{ crypto: string; terms: string; fiatCurrency: string; paymentMethods: string[]; adType: "buy" | "sell"; rateType: "fixed" | "market"; minAmount: number; maxAmount: number; paymentTimeLimit: number; ... 6 more ...; blockedCountries?: string[] | undefined; }, { ...; }> | Promise<...>'.
            Type 'ResolverSuccess<TFieldValues>' is not assignable to type 'ResolverSuccess<{ crypto: string; terms: string; fiatCurrency: string; paymentMethods: string[]; adType: "buy" | "sell"; rateType: "fixed" | "market"; minAmount: number; maxAmount: number; paymentTimeLimit: number; ... 6 more ...; blockedCountries?: string[] | undefined; }>'.
              Type 'TFieldValues' is not assignable to type '{ crypto: string; terms: string; fiatCurrency: string; paymentMethods: string[]; adType: "buy" | "sell"; rateType: "fixed" | "market"; minAmount: number; maxAmount: number; paymentTimeLimit: number; ... 6 more ...; blockedCountries?: string[] | undefined; }'.
                Type 'FieldValues' is missing the following properties from type '{ crypto: string; terms: string; fiatCurrency: string; paymentMethods: string[]; adType: "buy" | "sell"; rateType: "fixed" | "market"; minAmount: number; maxAmount: number; paymentTimeLimit: number; ... 6 more ...; blockedCountries?: string[] | undefined; }': crypto, terms, fiatCurrency, paymentMethods, and 6 more.
src/components/p2p/create-ad-form.tsx(724,17): error TS2322: Type 'Control<{ crypto: string; terms: string; fiatCurrency: string; paymentMethods: string[]; adType: "buy" | "sell"; rateType: "fixed" | "market"; minAmount: number; maxAmount: number; paymentTimeLimit: number; ... 6 more ...; blockedCountries?: string[] | undefined; }, any, TFieldValues>' is not assignable to type 'Control<{ crypto: string; terms: string; fiatCurrency: string; paymentMethods: string[]; adType: "buy" | "sell"; rateType: "fixed" | "market"; minAmount: number; maxAmount: number; paymentTimeLimit: number; ... 6 more ...; blockedCountries?: string[] | undefined; }, any, { ...; }>'.
  The types of '_options.resolver' are incompatible between these types.
    Type 'Resolver<{ crypto: string; terms: string; fiatCurrency: string; paymentMethods: string[]; adType: "buy" | "sell"; rateType: "fixed" | "market"; minAmount: number; maxAmount: number; paymentTimeLimit: number; ... 6 more ...; blockedCountries?: string[] | undefined; }, any, TFieldValues> | undefined' is not assignable to type 'Resolver<{ crypto: string; terms: string; fiatCurrency: string; paymentMethods: string[]; adType: "buy" | "sell"; rateType: "fixed" | "market"; minAmount: number; maxAmount: number; paymentTimeLimit: number; ... 6 more ...; blockedCountries?: string[] | undefined; }, any, { ...; }> | undefined'.
      Type 'Resolver<{ crypto: string; terms: string; fiatCurrency: string; paymentMethods: string[]; adType: "buy" | "sell"; rateType: "fixed" | "market"; minAmount: number; maxAmount: number; paymentTimeLimit: number; ... 6 more ...; blockedCountries?: string[] | undefined; }, any, TFieldValues>' is not assignable to type 'Resolver<{ crypto: string; terms: string; fiatCurrency: string; paymentMethods: string[]; adType: "buy" | "sell"; rateType: "fixed" | "market"; minAmount: number; maxAmount: number; paymentTimeLimit: number; ... 6 more ...; blockedCountries?: string[] | undefined; }, any, { ...; }>'.
        Type 'ResolverResult<{ crypto: string; terms: string; fiatCurrency: string; paymentMethods: string[]; adType: "buy" | "sell"; rateType: "fixed" | "market"; minAmount: number; maxAmount: number; paymentTimeLimit: number; ... 6 more ...; blockedCountries?: string[] | undefined; }, TFieldValues> | Promise<...>' is not assignable to type 'ResolverResult<{ crypto: string; terms: string; fiatCurrency: string; paymentMethods: string[]; adType: "buy" | "sell"; rateType: "fixed" | "market"; minAmount: number; maxAmount: number; paymentTimeLimit: number; ... 6 more ...; blockedCountries?: string[] | undefined; }, { ...; }> | Promise<...>'.
          Type 'ResolverSuccess<TFieldValues>' is not assignable to type 'ResolverResult<{ crypto: string; terms: string; fiatCurrency: string; paymentMethods: string[]; adType: "buy" | "sell"; rateType: "fixed" | "market"; minAmount: number; maxAmount: number; paymentTimeLimit: number; ... 6 more ...; blockedCountries?: string[] | undefined; }, { ...; }> | Promise<...>'.
            Type 'ResolverSuccess<TFieldValues>' is not assignable to type 'ResolverSuccess<{ crypto: string; terms: string; fiatCurrency: string; paymentMethods: string[]; adType: "buy" | "sell"; rateType: "fixed" | "market"; minAmount: number; maxAmount: number; paymentTimeLimit: number; ... 6 more ...; blockedCountries?: string[] | undefined; }>'.
              Type 'TFieldValues' is not assignable to type '{ crypto: string; terms: string; fiatCurrency: string; paymentMethods: string[]; adType: "buy" | "sell"; rateType: "fixed" | "market"; minAmount: number; maxAmount: number; paymentTimeLimit: number; ... 6 more ...; blockedCountries?: string[] | undefined; }'.
                Type 'FieldValues' is missing the following properties from type '{ crypto: string; terms: string; fiatCurrency: string; paymentMethods: string[]; adType: "buy" | "sell"; rateType: "fixed" | "market"; minAmount: number; maxAmount: number; paymentTimeLimit: number; ... 6 more ...; blockedCountries?: string[] | undefined; }': crypto, terms, fiatCurrency, paymentMethods, and 6 more.
src/components/p2p/create-ad-form.tsx(752,17): error TS2322: Type 'Control<{ crypto: string; terms: string; fiatCurrency: string; paymentMethods: string[]; adType: "buy" | "sell"; rateType: "fixed" | "market"; minAmount: number; maxAmount: number; paymentTimeLimit: number; ... 6 more ...; blockedCountries?: string[] | undefined; }, any, TFieldValues>' is not assignable to type 'Control<{ crypto: string; terms: string; fiatCurrency: string; paymentMethods: string[]; adType: "buy" | "sell"; rateType: "fixed" | "market"; minAmount: number; maxAmount: number; paymentTimeLimit: number; ... 6 more ...; blockedCountries?: string[] | undefined; }, any, { ...; }>'.
  The types of '_options.resolver' are incompatible between these types.
    Type 'Resolver<{ crypto: string; terms: string; fiatCurrency: string; paymentMethods: string[]; adType: "buy" | "sell"; rateType: "fixed" | "market"; minAmount: number; maxAmount: number; paymentTimeLimit: number; ... 6 more ...; blockedCountries?: string[] | undefined; }, any, TFieldValues> | undefined' is not assignable to type 'Resolver<{ crypto: string; terms: string; fiatCurrency: string; paymentMethods: string[]; adType: "buy" | "sell"; rateType: "fixed" | "market"; minAmount: number; maxAmount: number; paymentTimeLimit: number; ... 6 more ...; blockedCountries?: string[] | undefined; }, any, { ...; }> | undefined'.
      Type 'Resolver<{ crypto: string; terms: string; fiatCurrency: string; paymentMethods: string[]; adType: "buy" | "sell"; rateType: "fixed" | "market"; minAmount: number; maxAmount: number; paymentTimeLimit: number; ... 6 more ...; blockedCountries?: string[] | undefined; }, any, TFieldValues>' is not assignable to type 'Resolver<{ crypto: string; terms: string; fiatCurrency: string; paymentMethods: string[]; adType: "buy" | "sell"; rateType: "fixed" | "market"; minAmount: number; maxAmount: number; paymentTimeLimit: number; ... 6 more ...; blockedCountries?: string[] | undefined; }, any, { ...; }>'.
        Type 'ResolverResult<{ crypto: string; terms: string; fiatCurrency: string; paymentMethods: string[]; adType: "buy" | "sell"; rateType: "fixed" | "market"; minAmount: number; maxAmount: number; paymentTimeLimit: number; ... 6 more ...; blockedCountries?: string[] | undefined; }, TFieldValues> | Promise<...>' is not assignable to type 'ResolverResult<{ crypto: string; terms: string; fiatCurrency: string; paymentMethods: string[]; adType: "buy" | "sell"; rateType: "fixed" | "market"; minAmount: number; maxAmount: number; paymentTimeLimit: number; ... 6 more ...; blockedCountries?: string[] | undefined; }, { ...; }> | Promise<...>'.
          Type 'ResolverSuccess<TFieldValues>' is not assignable to type 'ResolverResult<{ crypto: string; terms: string; fiatCurrency: string; paymentMethods: string[]; adType: "buy" | "sell"; rateType: "fixed" | "market"; minAmount: number; maxAmount: number; paymentTimeLimit: number; ... 6 more ...; blockedCountries?: string[] | undefined; }, { ...; }> | Promise<...>'.
            Type 'ResolverSuccess<TFieldValues>' is not assignable to type 'ResolverSuccess<{ crypto: string; terms: string; fiatCurrency: string; paymentMethods: string[]; adType: "buy" | "sell"; rateType: "fixed" | "market"; minAmount: number; maxAmount: number; paymentTimeLimit: number; ... 6 more ...; blockedCountries?: string[] | undefined; }>'.
              Type 'TFieldValues' is not assignable to type '{ crypto: string; terms: string; fiatCurrency: string; paymentMethods: string[]; adType: "buy" | "sell"; rateType: "fixed" | "market"; minAmount: number; maxAmount: number; paymentTimeLimit: number; ... 6 more ...; blockedCountries?: string[] | undefined; }'.
                Type 'FieldValues' is missing the following properties from type '{ crypto: string; terms: string; fiatCurrency: string; paymentMethods: string[]; adType: "buy" | "sell"; rateType: "fixed" | "market"; minAmount: number; maxAmount: number; paymentTimeLimit: number; ... 6 more ...; blockedCountries?: string[] | undefined; }': crypto, terms, fiatCurrency, paymentMethods, and 6 more.
src/components/p2p/create-ad-form.tsx(811,17): error TS2322: Type 'Control<{ crypto: string; terms: string; fiatCurrency: string; paymentMethods: string[]; adType: "buy" | "sell"; rateType: "fixed" | "market"; minAmount: number; maxAmount: number; paymentTimeLimit: number; ... 6 more ...; blockedCountries?: string[] | undefined; }, any, TFieldValues>' is not assignable to type 'Control<{ crypto: string; terms: string; fiatCurrency: string; paymentMethods: string[]; adType: "buy" | "sell"; rateType: "fixed" | "market"; minAmount: number; maxAmount: number; paymentTimeLimit: number; ... 6 more ...; blockedCountries?: string[] | undefined; }, any, { ...; }>'.
  The types of '_options.resolver' are incompatible between these types.
    Type 'Resolver<{ crypto: string; terms: string; fiatCurrency: string; paymentMethods: string[]; adType: "buy" | "sell"; rateType: "fixed" | "market"; minAmount: number; maxAmount: number; paymentTimeLimit: number; ... 6 more ...; blockedCountries?: string[] | undefined; }, any, TFieldValues> | undefined' is not assignable to type 'Resolver<{ crypto: string; terms: string; fiatCurrency: string; paymentMethods: string[]; adType: "buy" | "sell"; rateType: "fixed" | "market"; minAmount: number; maxAmount: number; paymentTimeLimit: number; ... 6 more ...; blockedCountries?: string[] | undefined; }, any, { ...; }> | undefined'.
      Type 'Resolver<{ crypto: string; terms: string; fiatCurrency: string; paymentMethods: string[]; adType: "buy" | "sell"; rateType: "fixed" | "market"; minAmount: number; maxAmount: number; paymentTimeLimit: number; ... 6 more ...; blockedCountries?: string[] | undefined; }, any, TFieldValues>' is not assignable to type 'Resolver<{ crypto: string; terms: string; fiatCurrency: string; paymentMethods: string[]; adType: "buy" | "sell"; rateType: "fixed" | "market"; minAmount: number; maxAmount: number; paymentTimeLimit: number; ... 6 more ...; blockedCountries?: string[] | undefined; }, any, { ...; }>'.
        Type 'ResolverResult<{ crypto: string; terms: string; fiatCurrency: string; paymentMethods: string[]; adType: "buy" | "sell"; rateType: "fixed" | "market"; minAmount: number; maxAmount: number; paymentTimeLimit: number; ... 6 more ...; blockedCountries?: string[] | undefined; }, TFieldValues> | Promise<...>' is not assignable to type 'ResolverResult<{ crypto: string; terms: string; fiatCurrency: string; paymentMethods: string[]; adType: "buy" | "sell"; rateType: "fixed" | "market"; minAmount: number; maxAmount: number; paymentTimeLimit: number; ... 6 more ...; blockedCountries?: string[] | undefined; }, { ...; }> | Promise<...>'.
          Type 'ResolverSuccess<TFieldValues>' is not assignable to type 'ResolverResult<{ crypto: string; terms: string; fiatCurrency: string; paymentMethods: string[]; adType: "buy" | "sell"; rateType: "fixed" | "market"; minAmount: number; maxAmount: number; paymentTimeLimit: number; ... 6 more ...; blockedCountries?: string[] | undefined; }, { ...; }> | Promise<...>'.
            Type 'ResolverSuccess<TFieldValues>' is not assignable to type 'ResolverSuccess<{ crypto: string; terms: string; fiatCurrency: string; paymentMethods: string[]; adType: "buy" | "sell"; rateType: "fixed" | "market"; minAmount: number; maxAmount: number; paymentTimeLimit: number; ... 6 more ...; blockedCountries?: string[] | undefined; }>'.
              Type 'TFieldValues' is not assignable to type '{ crypto: string; terms: string; fiatCurrency: string; paymentMethods: string[]; adType: "buy" | "sell"; rateType: "fixed" | "market"; minAmount: number; maxAmount: number; paymentTimeLimit: number; ... 6 more ...; blockedCountries?: string[] | undefined; }'.
                Type 'FieldValues' is missing the following properties from type '{ crypto: string; terms: string; fiatCurrency: string; paymentMethods: string[]; adType: "buy" | "sell"; rateType: "fixed" | "market"; minAmount: number; maxAmount: number; paymentTimeLimit: number; ... 6 more ...; blockedCountries?: string[] | undefined; }': crypto, terms, fiatCurrency, paymentMethods, and 6 more.
src/components/p2p/create-ad-form.tsx(867,15): error TS2322: Type 'Control<{ crypto: string; terms: string; fiatCurrency: string; paymentMethods: string[]; adType: "buy" | "sell"; rateType: "fixed" | "market"; minAmount: number; maxAmount: number; paymentTimeLimit: number; ... 6 more ...; blockedCountries?: string[] | undefined; }, any, TFieldValues>' is not assignable to type 'Control<{ crypto: string; terms: string; fiatCurrency: string; paymentMethods: string[]; adType: "buy" | "sell"; rateType: "fixed" | "market"; minAmount: number; maxAmount: number; paymentTimeLimit: number; ... 6 more ...; blockedCountries?: string[] | undefined; }, any, { ...; }>'.
  The types of '_options.resolver' are incompatible between these types.
    Type 'Resolver<{ crypto: string; terms: string; fiatCurrency: string; paymentMethods: string[]; adType: "buy" | "sell"; rateType: "fixed" | "market"; minAmount: number; maxAmount: number; paymentTimeLimit: number; ... 6 more ...; blockedCountries?: string[] | undefined; }, any, TFieldValues> | undefined' is not assignable to type 'Resolver<{ crypto: string; terms: string; fiatCurrency: string; paymentMethods: string[]; adType: "buy" | "sell"; rateType: "fixed" | "market"; minAmount: number; maxAmount: number; paymentTimeLimit: number; ... 6 more ...; blockedCountries?: string[] | undefined; }, any, { ...; }> | undefined'.
      Type 'Resolver<{ crypto: string; terms: string; fiatCurrency: string; paymentMethods: string[]; adType: "buy" | "sell"; rateType: "fixed" | "market"; minAmount: number; maxAmount: number; paymentTimeLimit: number; ... 6 more ...; blockedCountries?: string[] | undefined; }, any, TFieldValues>' is not assignable to type 'Resolver<{ crypto: string; terms: string; fiatCurrency: string; paymentMethods: string[]; adType: "buy" | "sell"; rateType: "fixed" | "market"; minAmount: number; maxAmount: number; paymentTimeLimit: number; ... 6 more ...; blockedCountries?: string[] | undefined; }, any, { ...; }>'.
        Type 'ResolverResult<{ crypto: string; terms: string; fiatCurrency: string; paymentMethods: string[]; adType: "buy" | "sell"; rateType: "fixed" | "market"; minAmount: number; maxAmount: number; paymentTimeLimit: number; ... 6 more ...; blockedCountries?: string[] | undefined; }, TFieldValues> | Promise<...>' is not assignable to type 'ResolverResult<{ crypto: string; terms: string; fiatCurrency: string; paymentMethods: string[]; adType: "buy" | "sell"; rateType: "fixed" | "market"; minAmount: number; maxAmount: number; paymentTimeLimit: number; ... 6 more ...; blockedCountries?: string[] | undefined; }, { ...; }> | Promise<...>'.
          Type 'ResolverSuccess<TFieldValues>' is not assignable to type 'ResolverResult<{ crypto: string; terms: string; fiatCurrency: string; paymentMethods: string[]; adType: "buy" | "sell"; rateType: "fixed" | "market"; minAmount: number; maxAmount: number; paymentTimeLimit: number; ... 6 more ...; blockedCountries?: string[] | undefined; }, { ...; }> | Promise<...>'.
            Type 'ResolverSuccess<TFieldValues>' is not assignable to type 'ResolverSuccess<{ crypto: string; terms: string; fiatCurrency: string; paymentMethods: string[]; adType: "buy" | "sell"; rateType: "fixed" | "market"; minAmount: number; maxAmount: number; paymentTimeLimit: number; ... 6 more ...; blockedCountries?: string[] | undefined; }>'.
              Type 'TFieldValues' is not assignable to type '{ crypto: string; terms: string; fiatCurrency: string; paymentMethods: string[]; adType: "buy" | "sell"; rateType: "fixed" | "market"; minAmount: number; maxAmount: number; paymentTimeLimit: number; ... 6 more ...; blockedCountries?: string[] | undefined; }'.
                Type 'FieldValues' is missing the following properties from type '{ crypto: string; terms: string; fiatCurrency: string; paymentMethods: string[]; adType: "buy" | "sell"; rateType: "fixed" | "market"; minAmount: number; maxAmount: number; paymentTimeLimit: number; ... 6 more ...; blockedCountries?: string[] | undefined; }': crypto, terms, fiatCurrency, paymentMethods, and 6 more.
src/components/p2p/create-ad-form.tsx(885,15): error TS2322: Type 'Control<{ crypto: string; terms: string; fiatCurrency: string; paymentMethods: string[]; adType: "buy" | "sell"; rateType: "fixed" | "market"; minAmount: number; maxAmount: number; paymentTimeLimit: number; ... 6 more ...; blockedCountries?: string[] | undefined; }, any, TFieldValues>' is not assignable to type 'Control<{ crypto: string; terms: string; fiatCurrency: string; paymentMethods: string[]; adType: "buy" | "sell"; rateType: "fixed" | "market"; minAmount: number; maxAmount: number; paymentTimeLimit: number; ... 6 more ...; blockedCountries?: string[] | undefined; }, any, { ...; }>'.
  The types of '_options.resolver' are incompatible between these types.
    Type 'Resolver<{ crypto: string; terms: string; fiatCurrency: string; paymentMethods: string[]; adType: "buy" | "sell"; rateType: "fixed" | "market"; minAmount: number; maxAmount: number; paymentTimeLimit: number; ... 6 more ...; blockedCountries?: string[] | undefined; }, any, TFieldValues> | undefined' is not assignable to type 'Resolver<{ crypto: string; terms: string; fiatCurrency: string; paymentMethods: string[]; adType: "buy" | "sell"; rateType: "fixed" | "market"; minAmount: number; maxAmount: number; paymentTimeLimit: number; ... 6 more ...; blockedCountries?: string[] | undefined; }, any, { ...; }> | undefined'.
      Type 'Resolver<{ crypto: string; terms: string; fiatCurrency: string; paymentMethods: string[]; adType: "buy" | "sell"; rateType: "fixed" | "market"; minAmount: number; maxAmount: number; paymentTimeLimit: number; ... 6 more ...; blockedCountries?: string[] | undefined; }, any, TFieldValues>' is not assignable to type 'Resolver<{ crypto: string; terms: string; fiatCurrency: string; paymentMethods: string[]; adType: "buy" | "sell"; rateType: "fixed" | "market"; minAmount: number; maxAmount: number; paymentTimeLimit: number; ... 6 more ...; blockedCountries?: string[] | undefined; }, any, { ...; }>'.
        Type 'ResolverResult<{ crypto: string; terms: string; fiatCurrency: string; paymentMethods: string[]; adType: "buy" | "sell"; rateType: "fixed" | "market"; minAmount: number; maxAmount: number; paymentTimeLimit: number; ... 6 more ...; blockedCountries?: string[] | undefined; }, TFieldValues> | Promise<...>' is not assignable to type 'ResolverResult<{ crypto: string; terms: string; fiatCurrency: string; paymentMethods: string[]; adType: "buy" | "sell"; rateType: "fixed" | "market"; minAmount: number; maxAmount: number; paymentTimeLimit: number; ... 6 more ...; blockedCountries?: string[] | undefined; }, { ...; }> | Promise<...>'.
          Type 'ResolverSuccess<TFieldValues>' is not assignable to type 'ResolverResult<{ crypto: string; terms: string; fiatCurrency: string; paymentMethods: string[]; adType: "buy" | "sell"; rateType: "fixed" | "market"; minAmount: number; maxAmount: number; paymentTimeLimit: number; ... 6 more ...; blockedCountries?: string[] | undefined; }, { ...; }> | Promise<...>'.
            Type 'ResolverSuccess<TFieldValues>' is not assignable to type 'ResolverSuccess<{ crypto: string; terms: string; fiatCurrency: string; paymentMethods: string[]; adType: "buy" | "sell"; rateType: "fixed" | "market"; minAmount: number; maxAmount: number; paymentTimeLimit: number; ... 6 more ...; blockedCountries?: string[] | undefined; }>'.
              Type 'TFieldValues' is not assignable to type '{ crypto: string; terms: string; fiatCurrency: string; paymentMethods: string[]; adType: "buy" | "sell"; rateType: "fixed" | "market"; minAmount: number; maxAmount: number; paymentTimeLimit: number; ... 6 more ...; blockedCountries?: string[] | undefined; }'.
                Type 'FieldValues' is missing the following properties from type '{ crypto: string; terms: string; fiatCurrency: string; paymentMethods: string[]; adType: "buy" | "sell"; rateType: "fixed" | "market"; minAmount: number; maxAmount: number; paymentTimeLimit: number; ... 6 more ...; blockedCountries?: string[] | undefined; }': crypto, terms, fiatCurrency, paymentMethods, and 6 more.
src/components/p2p/create-ad-form.tsx(900,15): error TS2322: Type 'Control<{ crypto: string; terms: string; fiatCurrency: string; paymentMethods: string[]; adType: "buy" | "sell"; rateType: "fixed" | "market"; minAmount: number; maxAmount: number; paymentTimeLimit: number; ... 6 more ...; blockedCountries?: string[] | undefined; }, any, TFieldValues>' is not assignable to type 'Control<{ crypto: string; terms: string; fiatCurrency: string; paymentMethods: string[]; adType: "buy" | "sell"; rateType: "fixed" | "market"; minAmount: number; maxAmount: number; paymentTimeLimit: number; ... 6 more ...; blockedCountries?: string[] | undefined; }, any, { ...; }>'.
  The types of '_options.resolver' are incompatible between these types.
    Type 'Resolver<{ crypto: string; terms: string; fiatCurrency: string; paymentMethods: string[]; adType: "buy" | "sell"; rateType: "fixed" | "market"; minAmount: number; maxAmount: number; paymentTimeLimit: number; ... 6 more ...; blockedCountries?: string[] | undefined; }, any, TFieldValues> | undefined' is not assignable to type 'Resolver<{ crypto: string; terms: string; fiatCurrency: string; paymentMethods: string[]; adType: "buy" | "sell"; rateType: "fixed" | "market"; minAmount: number; maxAmount: number; paymentTimeLimit: number; ... 6 more ...; blockedCountries?: string[] | undefined; }, any, { ...; }> | undefined'.
      Type 'Resolver<{ crypto: string; terms: string; fiatCurrency: string; paymentMethods: string[]; adType: "buy" | "sell"; rateType: "fixed" | "market"; minAmount: number; maxAmount: number; paymentTimeLimit: number; ... 6 more ...; blockedCountries?: string[] | undefined; }, any, TFieldValues>' is not assignable to type 'Resolver<{ crypto: string; terms: string; fiatCurrency: string; paymentMethods: string[]; adType: "buy" | "sell"; rateType: "fixed" | "market"; minAmount: number; maxAmount: number; paymentTimeLimit: number; ... 6 more ...; blockedCountries?: string[] | undefined; }, any, { ...; }>'.
        Type 'ResolverResult<{ crypto: string; terms: string; fiatCurrency: string; paymentMethods: string[]; adType: "buy" | "sell"; rateType: "fixed" | "market"; minAmount: number; maxAmount: number; paymentTimeLimit: number; ... 6 more ...; blockedCountries?: string[] | undefined; }, TFieldValues> | Promise<...>' is not assignable to type 'ResolverResult<{ crypto: string; terms: string; fiatCurrency: string; paymentMethods: string[]; adType: "buy" | "sell"; rateType: "fixed" | "market"; minAmount: number; maxAmount: number; paymentTimeLimit: number; ... 6 more ...; blockedCountries?: string[] | undefined; }, { ...; }> | Promise<...>'.
          Type 'ResolverSuccess<TFieldValues>' is not assignable to type 'ResolverResult<{ crypto: string; terms: string; fiatCurrency: string; paymentMethods: string[]; adType: "buy" | "sell"; rateType: "fixed" | "market"; minAmount: number; maxAmount: number; paymentTimeLimit: number; ... 6 more ...; blockedCountries?: string[] | undefined; }, { ...; }> | Promise<...>'.
            Type 'ResolverSuccess<TFieldValues>' is not assignable to type 'ResolverSuccess<{ crypto: string; terms: string; fiatCurrency: string; paymentMethods: string[]; adType: "buy" | "sell"; rateType: "fixed" | "market"; minAmount: number; maxAmount: number; paymentTimeLimit: number; ... 6 more ...; blockedCountries?: string[] | undefined; }>'.
              Type 'TFieldValues' is not assignable to type '{ crypto: string; terms: string; fiatCurrency: string; paymentMethods: string[]; adType: "buy" | "sell"; rateType: "fixed" | "market"; minAmount: number; maxAmount: number; paymentTimeLimit: number; ... 6 more ...; blockedCountries?: string[] | undefined; }'.
                Type 'FieldValues' is missing the following properties from type '{ crypto: string; terms: string; fiatCurrency: string; paymentMethods: string[]; adType: "buy" | "sell"; rateType: "fixed" | "market"; minAmount: number; maxAmount: number; paymentTimeLimit: number; ... 6 more ...; blockedCountries?: string[] | undefined; }': crypto, terms, fiatCurrency, paymentMethods, and 6 more.
src/components/p2p/create-ad-form.tsx(912,25): error TS2322: Type 'Control<{ crypto: string; terms: string; fiatCurrency: string; paymentMethods: string[]; adType: "buy" | "sell"; rateType: "fixed" | "market"; minAmount: number; maxAmount: number; paymentTimeLimit: number; ... 6 more ...; blockedCountries?: string[] | undefined; }, any, TFieldValues>' is not assignable to type 'Control<{ crypto: string; terms: string; fiatCurrency: string; paymentMethods: string[]; adType: "buy" | "sell"; rateType: "fixed" | "market"; minAmount: number; maxAmount: number; paymentTimeLimit: number; ... 6 more ...; blockedCountries?: string[] | undefined; }, any, { ...; }>'.
  The types of '_options.resolver' are incompatible between these types.
    Type 'Resolver<{ crypto: string; terms: string; fiatCurrency: string; paymentMethods: string[]; adType: "buy" | "sell"; rateType: "fixed" | "market"; minAmount: number; maxAmount: number; paymentTimeLimit: number; ... 6 more ...; blockedCountries?: string[] | undefined; }, any, TFieldValues> | undefined' is not assignable to type 'Resolver<{ crypto: string; terms: string; fiatCurrency: string; paymentMethods: string[]; adType: "buy" | "sell"; rateType: "fixed" | "market"; minAmount: number; maxAmount: number; paymentTimeLimit: number; ... 6 more ...; blockedCountries?: string[] | undefined; }, any, { ...; }> | undefined'.
      Type 'Resolver<{ crypto: string; terms: string; fiatCurrency: string; paymentMethods: string[]; adType: "buy" | "sell"; rateType: "fixed" | "market"; minAmount: number; maxAmount: number; paymentTimeLimit: number; ... 6 more ...; blockedCountries?: string[] | undefined; }, any, TFieldValues>' is not assignable to type 'Resolver<{ crypto: string; terms: string; fiatCurrency: string; paymentMethods: string[]; adType: "buy" | "sell"; rateType: "fixed" | "market"; minAmount: number; maxAmount: number; paymentTimeLimit: number; ... 6 more ...; blockedCountries?: string[] | undefined; }, any, { ...; }>'.
        Type 'ResolverResult<{ crypto: string; terms: string; fiatCurrency: string; paymentMethods: string[]; adType: "buy" | "sell"; rateType: "fixed" | "market"; minAmount: number; maxAmount: number; paymentTimeLimit: number; ... 6 more ...; blockedCountries?: string[] | undefined; }, TFieldValues> | Promise<...>' is not assignable to type 'ResolverResult<{ crypto: string; terms: string; fiatCurrency: string; paymentMethods: string[]; adType: "buy" | "sell"; rateType: "fixed" | "market"; minAmount: number; maxAmount: number; paymentTimeLimit: number; ... 6 more ...; blockedCountries?: string[] | undefined; }, { ...; }> | Promise<...>'.
          Type 'ResolverSuccess<TFieldValues>' is not assignable to type 'ResolverResult<{ crypto: string; terms: string; fiatCurrency: string; paymentMethods: string[]; adType: "buy" | "sell"; rateType: "fixed" | "market"; minAmount: number; maxAmount: number; paymentTimeLimit: number; ... 6 more ...; blockedCountries?: string[] | undefined; }, { ...; }> | Promise<...>'.
            Type 'ResolverSuccess<TFieldValues>' is not assignable to type 'ResolverSuccess<{ crypto: string; terms: string; fiatCurrency: string; paymentMethods: string[]; adType: "buy" | "sell"; rateType: "fixed" | "market"; minAmount: number; maxAmount: number; paymentTimeLimit: number; ... 6 more ...; blockedCountries?: string[] | undefined; }>'.
              Type 'TFieldValues' is not assignable to type '{ crypto: string; terms: string; fiatCurrency: string; paymentMethods: string[]; adType: "buy" | "sell"; rateType: "fixed" | "market"; minAmount: number; maxAmount: number; paymentTimeLimit: number; ... 6 more ...; blockedCountries?: string[] | undefined; }'.
                Type 'FieldValues' is missing the following properties from type '{ crypto: string; terms: string; fiatCurrency: string; paymentMethods: string[]; adType: "buy" | "sell"; rateType: "fixed" | "market"; minAmount: number; maxAmount: number; paymentTimeLimit: number; ... 6 more ...; blockedCountries?: string[] | undefined; }': crypto, terms, fiatCurrency, paymentMethods, and 6 more.
src/components/p2p/create-ad-form.tsx(951,17): error TS2322: Type 'Control<{ crypto: string; terms: string; fiatCurrency: string; paymentMethods: string[]; adType: "buy" | "sell"; rateType: "fixed" | "market"; minAmount: number; maxAmount: number; paymentTimeLimit: number; ... 6 more ...; blockedCountries?: string[] | undefined; }, any, TFieldValues>' is not assignable to type 'Control<{ crypto: string; terms: string; fiatCurrency: string; paymentMethods: string[]; adType: "buy" | "sell"; rateType: "fixed" | "market"; minAmount: number; maxAmount: number; paymentTimeLimit: number; ... 6 more ...; blockedCountries?: string[] | undefined; }, any, { ...; }>'.
  The types of '_options.resolver' are incompatible between these types.
    Type 'Resolver<{ crypto: string; terms: string; fiatCurrency: string; paymentMethods: string[]; adType: "buy" | "sell"; rateType: "fixed" | "market"; minAmount: number; maxAmount: number; paymentTimeLimit: number; ... 6 more ...; blockedCountries?: string[] | undefined; }, any, TFieldValues> | undefined' is not assignable to type 'Resolver<{ crypto: string; terms: string; fiatCurrency: string; paymentMethods: string[]; adType: "buy" | "sell"; rateType: "fixed" | "market"; minAmount: number; maxAmount: number; paymentTimeLimit: number; ... 6 more ...; blockedCountries?: string[] | undefined; }, any, { ...; }> | undefined'.
      Type 'Resolver<{ crypto: string; terms: string; fiatCurrency: string; paymentMethods: string[]; adType: "buy" | "sell"; rateType: "fixed" | "market"; minAmount: number; maxAmount: number; paymentTimeLimit: number; ... 6 more ...; blockedCountries?: string[] | undefined; }, any, TFieldValues>' is not assignable to type 'Resolver<{ crypto: string; terms: string; fiatCurrency: string; paymentMethods: string[]; adType: "buy" | "sell"; rateType: "fixed" | "market"; minAmount: number; maxAmount: number; paymentTimeLimit: number; ... 6 more ...; blockedCountries?: string[] | undefined; }, any, { ...; }>'.
        Type 'ResolverResult<{ crypto: string; terms: string; fiatCurrency: string; paymentMethods: string[]; adType: "buy" | "sell"; rateType: "fixed" | "market"; minAmount: number; maxAmount: number; paymentTimeLimit: number; ... 6 more ...; blockedCountries?: string[] | undefined; }, TFieldValues> | Promise<...>' is not assignable to type 'ResolverResult<{ crypto: string; terms: string; fiatCurrency: string; paymentMethods: string[]; adType: "buy" | "sell"; rateType: "fixed" | "market"; minAmount: number; maxAmount: number; paymentTimeLimit: number; ... 6 more ...; blockedCountries?: string[] | undefined; }, { ...; }> | Promise<...>'.
          Type 'ResolverSuccess<TFieldValues>' is not assignable to type 'ResolverResult<{ crypto: string; terms: string; fiatCurrency: string; paymentMethods: string[]; adType: "buy" | "sell"; rateType: "fixed" | "market"; minAmount: number; maxAmount: number; paymentTimeLimit: number; ... 6 more ...; blockedCountries?: string[] | undefined; }, { ...; }> | Promise<...>'.
            Type 'ResolverSuccess<TFieldValues>' is not assignable to type 'ResolverSuccess<{ crypto: string; terms: string; fiatCurrency: string; paymentMethods: string[]; adType: "buy" | "sell"; rateType: "fixed" | "market"; minAmount: number; maxAmount: number; paymentTimeLimit: number; ... 6 more ...; blockedCountries?: string[] | undefined; }>'.
              Type 'TFieldValues' is not assignable to type '{ crypto: string; terms: string; fiatCurrency: string; paymentMethods: string[]; adType: "buy" | "sell"; rateType: "fixed" | "market"; minAmount: number; maxAmount: number; paymentTimeLimit: number; ... 6 more ...; blockedCountries?: string[] | undefined; }'.
                Type 'FieldValues' is missing the following properties from type '{ crypto: string; terms: string; fiatCurrency: string; paymentMethods: string[]; adType: "buy" | "sell"; rateType: "fixed" | "market"; minAmount: number; maxAmount: number; paymentTimeLimit: number; ... 6 more ...; blockedCountries?: string[] | undefined; }': crypto, terms, fiatCurrency, paymentMethods, and 6 more.
src/components/p2p/my-posted-ads.tsx(49,7): error TS2353: Object literal may only specify known properties, and 'last_seen' does not exist in type '{ username: string; country?: string | undefined; feedbackScore: number; positiveFeedback?: number | undefined; negativeFeedback?: number | undefined; completedTrades: number; photoURL?: string | undefined; badges?: string[] | undefined; lastActive?: string | undefined; isVerified?: boolean | undefined; is_verified?...'.
src/components/profile/AccountSummary.tsx(4,32): error TS2307: Cannot find module '@/app/(dashboard)/profile/page' or its corresponding type declarations.
src/components/settings/blocked-users-management.tsx(50,29): error TS2304: Cannot find name 'useCallback'.
src/components/settings/blocked-users-management.tsx(66,13): error TS2322: Type '{ id: any; userId: any; username: any; email: any; photoURL: any; country: any; preferredCurrency: any; isAdminAccount: any; isSuspended: any; createdAt: any; feedbackScore: any; completedTrades: any; }[]' is not assignable to type 'User[]'.
  Type '{ id: any; userId: any; username: any; email: any; photoURL: any; country: any; preferredCurrency: any; isAdminAccount: any; isSuspended: any; createdAt: any; feedbackScore: any; completedTrades: any; }' is missing the following properties from type 'User': fullName, dob, isBanned, isOnHold, and 6 more.
src/components/settings/blocked-users-management.tsx(116,18): error TS2352: Conversion of type '{ id: any; userId: any; username: any; photoURL: any; isAdminAccount: any; }' to type 'User' may be a mistake because neither type sufficiently overlaps with the other. If this was intentional, convert the expression to 'unknown' first.
  Type '{ id: any; userId: any; username: any; photoURL: any; isAdminAccount: any; }' is missing the following properties from type 'User': fullName, dob, isBanned, isOnHold, and 9 more.
src/components/settings/blocked-users-management.tsx(140,74): error TS2339: Property 'username' does not exist on type 'User'.
src/components/settings/blocked-users-management.tsx(144,9): error TS2552: Cannot find name 'blockedUserIds'. Did you mean 'blockedUsers'?
src/components/settings/blocked-users-management.tsx(216,62): error TS2339: Property 'username' does not exist on type 'User'.
src/components/settings/blocked-users-management.tsx(227,48): error TS2339: Property 'username' does not exist on type 'User'.
src/components/settings/blocked-users-management.tsx(234,31): error TS2552: Cannot find name 'blockedUserIds'. Did you mean 'blockedUsers'?
src/components/settings/blocked-users-management.tsx(257,86): error TS2339: Property 'username' does not exist on type 'User'.
src/components/settings/blocked-users-management.tsx(296,76): error TS2339: Property 'username' does not exist on type 'User'.
src/components/settings/change-username-form.tsx(58,61): error TS2339: Property 'username' does not exist on type 'User'.
src/components/settings/change-username-form.tsx(86,53): error TS2339: Property 'username' does not exist on type 'User'.
src/components/settings/change-username-form.tsx(123,72): error TS2339: Property 'username' does not exist on type 'User'.
src/components/settings/profile-settings.tsx(124,20): error TS2339: Property 'displayName' does not exist on type 'User'.
src/components/settings/session-management.tsx(49,13): error TS2322: Type '{ id: any; userAgent: any; ipAddress: any; lastLogin: any; isActive: any; }[]' is not assignable to type 'Session[]'.
  Property 'userId' is missing in type '{ id: any; userAgent: any; ipAddress: any; lastLogin: any; isActive: any; }' but required in type 'Session'.
src/components/settings/session-management.tsx(146,17): error TS2322: Type '"secondary" | "default"' is not assignable to type '"destructive" | "default" | null | undefined'.
  Type '"secondary"' is not assignable to type '"destructive" | "default" | null | undefined'.
src/components/trade/counterparty-info-panel.tsx(129,38): error TS2345: Argument of type 'string | undefined' is not assignable to parameter of type 'string'.
  Type 'undefined' is not assignable to type 'string'.
src/components/trade/counterparty-info-panel.tsx(347,21): error TS5076: '||' and '??' operations cannot be mixed without parentheses.
src/components/trade/trade-chat.tsx(955,39): error TS2339: Property 'reason' does not exist on type '{ isBlocked: boolean; matchedTerm?: string | undefined; }'.
src/components/trade/trade-details.tsx(988,71): error TS2367: This comparison appears to be unintentional because the types '"paid"' and '"disputed"' have no overlap.
src/components/wallets/deposit-dialog.tsx(12,31): error TS2305: Module '"@/lib/types"' has no exported member 'UserWallet'.
src/components/wallets/wallet-display-card.tsx(11,15): error TS2305: Module '"@/lib/types"' has no exported member 'UserWallet'.
src/components/wallets/wallet-display-card.tsx(58,17): error TS2322: Type '{ open: boolean; onOpenChange: Dispatch<SetStateAction<boolean>>; wallet: any; }' is not assignable to type 'IntrinsicAttributes & WithdrawDialogProps'.
  Property 'wallet' does not exist on type 'IntrinsicAttributes & WithdrawDialogProps'.
src/components/wallets/withdraw-dialog.tsx(393,22): error TS7053: Element implicitly has an 'any' type because expression of type '"" | CryptoCurrency' can't be used to index type 'Record<CryptoCurrency, number>'.
  Property '' does not exist on type 'Record<CryptoCurrency, number>'.
src/components/wallets/withdraw-dialog.tsx(394,67): error TS7053: Element implicitly has an 'any' type because expression of type '"" | CryptoCurrency' can't be used to index type 'Record<CryptoCurrency, number>'.
  Property '' does not exist on type 'Record<CryptoCurrency, number>'.
src/context/wallet-context.tsx(43,7): error TS2739: Type '{ BTC: { available: number; inEscrow: number; inWithdrawal: number; total: number; fiatValue: number; }; ETH: { available: number; inEscrow: number; inWithdrawal: number; total: number; fiatValue: number; }; LTC: { ...; }; USDT: { ...; }; }' is missing the following properties from type 'WalletBalancesMap': BNB, TRX, MATIC
src/context/wallet-context.tsx(58,6): error TS2345: Argument of type '{ BTC: { available: number; inEscrow: number; inWithdrawal: number; }; ETH: { available: number; inEscrow: number; inWithdrawal: number; }; LTC: { available: number; inEscrow: number; inWithdrawal: number; }; USDT: { ...; }; }' is not assignable to parameter of type '{ ETH: { available: number; inEscrow: number; inWithdrawal: number; }; BTC: { available: number; inEscrow: number; inWithdrawal: number; }; LTC: { available: number; inEscrow: number; inWithdrawal: number; }; USDT: { ...; }; BNB: { ...; }; TRX: { ...; }; MATIC: { ...; }; } | (() => { ...; })'.
  Type '{ BTC: { available: number; inEscrow: number; inWithdrawal: number; }; ETH: { available: number; inEscrow: number; inWithdrawal: number; }; LTC: { available: number; inEscrow: number; inWithdrawal: number; }; USDT: { ...; }; }' is missing the following properties from type '{ ETH: { available: number; inEscrow: number; inWithdrawal: number; }; BTC: { available: number; inEscrow: number; inWithdrawal: number; }; LTC: { available: number; inEscrow: number; inWithdrawal: number; }; USDT: { ...; }; BNB: { ...; }; TRX: { ...; }; MATIC: { ...; }; }': BNB, TRX, MATIC
src/context/wallet-context.tsx(74,22): error TS2345: Argument of type '{ BTC: { available: number; inEscrow: number; inWithdrawal: number; }; ETH: { available: number; inEscrow: number; inWithdrawal: number; }; LTC: { available: number; inEscrow: number; inWithdrawal: number; }; USDT: { ...; }; }' is not assignable to parameter of type 'SetStateAction<{ ETH: { available: number; inEscrow: number; inWithdrawal: number; }; BTC: { available: number; inEscrow: number; inWithdrawal: number; }; LTC: { available: number; inEscrow: number; inWithdrawal: number; }; USDT: { ...; }; BNB: { ...; }; TRX: { ...; }; MATIC: { ...; }; }>'.
  Type '{ BTC: { available: number; inEscrow: number; inWithdrawal: number; }; ETH: { available: number; inEscrow: number; inWithdrawal: number; }; LTC: { available: number; inEscrow: number; inWithdrawal: number; }; USDT: { ...; }; }' is missing the following properties from type '{ ETH: { available: number; inEscrow: number; inWithdrawal: number; }; BTC: { available: number; inEscrow: number; inWithdrawal: number; }; LTC: { available: number; inEscrow: number; inWithdrawal: number; }; USDT: { ...; }; BNB: { ...; }; TRX: { ...; }; MATIC: { ...; }; }': BNB, TRX, MATIC
src/context/wallet-context.tsx(85,13): error TS2739: Type '{ BTC: { available: number; inEscrow: number; inWithdrawal: number; }; ETH: { available: number; inEscrow: number; inWithdrawal: number; }; LTC: { available: number; inEscrow: number; inWithdrawal: number; }; USDT: { ...; }; }' is missing the following properties from type '{ ETH: { available: number; inEscrow: number; inWithdrawal: number; }; BTC: { available: number; inEscrow: number; inWithdrawal: number; }; LTC: { available: number; inEscrow: number; inWithdrawal: number; }; USDT: { ...; }; BNB: { ...; }; TRX: { ...; }; MATIC: { ...; }; }': BNB, TRX, MATIC
src/context/wallet-context.tsx(387,25): error TS7053: Element implicitly has an 'any' type because expression of type 'CryptoCurrency' can't be used to index type 'Record<CryptoCurrency, number> | { BTC: number; ETH: number; LTC: number; USDT: number; }'.
  Property 'BNB' does not exist on type 'Record<CryptoCurrency, number> | { BTC: number; ETH: number; LTC: number; USDT: number; }'.
src/context/wallet-context.tsx(406,25): error TS7053: Element implicitly has an 'any' type because expression of type 'CryptoCurrency' can't be used to index type 'Record<CryptoCurrency, number> | { BTC: number; ETH: number; LTC: number; USDT: number; }'.
  Property 'BNB' does not exist on type 'Record<CryptoCurrency, number> | { BTC: number; ETH: number; LTC: number; USDT: number; }'.
src/context/wallet-context.tsx(413,25): error TS7053: Element implicitly has an 'any' type because expression of type 'CryptoCurrency' can't be used to index type 'Record<CryptoCurrency, number> | { BTC: number; ETH: number; LTC: number; USDT: number; }'.
  Property 'BNB' does not exist on type 'Record<CryptoCurrency, number> | { BTC: number; ETH: number; LTC: number; USDT: number; }'.
src/hooks/usePresenceHeartbeat.ts(34,47): error TS2774: This condition will always return true since this function is always defined. Did you mean to call it instead?
src/jobs/depositIngestion.ts(255,19): error TS2737: BigInt literals are not available when targeting lower than ES2020.
src/jobs/depositIngestion.ts(319,62): error TS2737: BigInt literals are not available when targeting lower than ES2020.
src/jobs/scheduler.ts(15,100): error TS2339: Property 'totalDetected' does not exist on type '{ results: IngestionResult[]; pendingRecheck: { checked: number; newlyCredited: number; }; }'.
src/jobs/scheduler.ts(37,91): error TS2339: Property 'sweptCount' does not exist on type 'SweepResult[]'.
src/jobs/scheduler.ts(37,114): error TS2339: Property 'candidatesCount' does not exist on type 'SweepResult[]'.
src/jobs/sweeperWorker.ts(165,59): error TS2737: BigInt literals are not available when targeting lower than ES2020.
src/jobs/sweeperWorker.ts(165,67): error TS2737: BigInt literals are not available when targeting lower than ES2020.
src/jobs/sweeperWorker.ts(166,71): error TS2737: BigInt literals are not available when targeting lower than ES2020.
src/jobs/sweeperWorker.ts(166,79): error TS2737: BigInt literals are not available when targeting lower than ES2020.
src/jobs/sweeperWorker.ts(167,95): error TS2737: BigInt literals are not available when targeting lower than ES2020.
src/jobs/sweeperWorker.ts(167,103): error TS2737: BigInt literals are not available when targeting lower than ES2020.
src/jobs/sweeperWorker.ts(349,7): error TS2740: Type 'Uint8Array<ArrayBufferLike>' is missing the following properties from type 'Buffer<ArrayBufferLike>': write, toJSON, equals, compare, and 66 more.
src/jobs/sweeperWorker.ts(371,24): error TS2345: Argument of type 'ECPairInterface' is not assignable to parameter of type 'Signer'.
  Types of property 'publicKey' are incompatible.
    Type 'Uint8Array<ArrayBufferLike>' is missing the following properties from type 'Buffer<ArrayBufferLike>': write, toJSON, equals, compare, and 66 more.
src/jobs/sweeperWorker.ts(482,7): error TS2740: Type 'Uint8Array<ArrayBufferLike>' is missing the following properties from type 'Buffer<ArrayBufferLike>': write, toJSON, equals, compare, and 66 more.
src/jobs/sweeperWorker.ts(504,24): error TS2345: Argument of type 'ECPairInterface' is not assignable to parameter of type 'Signer'.
  Types of property 'publicKey' are incompatible.
    Type 'Uint8Array<ArrayBufferLike>' is missing the following properties from type 'Buffer<ArrayBufferLike>': write, toJSON, equals, compare, and 66 more.
src/jobs/sweeperWorker.ts(587,24): error TS2737: BigInt literals are not available when targeting lower than ES2020.
src/jobs/sweeperWorker.ts(588,35): error TS2737: BigInt literals are not available when targeting lower than ES2020.
src/jobs/sweeperWorker.ts(588,42): error TS2737: BigInt literals are not available when targeting lower than ES2020.
src/jobs/sweeperWorker.ts(608,30): error TS2737: BigInt literals are not available when targeting lower than ES2020.
src/jobs/sweeperWorker.ts(608,37): error TS2737: BigInt literals are not available when targeting lower than ES2020.
src/jobs/sweeperWorker.ts(650,46): error TS2737: BigInt literals are not available when targeting lower than ES2020.
src/jobs/sweeperWorker.ts(650,54): error TS2737: BigInt literals are not available when targeting lower than ES2020.
src/jobs/sweeperWorker.ts(651,31): error TS2737: BigInt literals are not available when targeting lower than ES2020.
src/lib/auth.ts(517,7): error TS2353: Object literal may only specify known properties, and 'photo_url' does not exist in type 'UserProfile'.
src/lib/auth.ts(611,14): error TS18004: No value exists in scope for the shorthand property 'data'. Either declare one or provide an initializer.
src/lib/blockchain/providers.ts(211,102): error TS2737: BigInt literals are not available when targeting lower than ES2020.
src/lib/blockchain/providers.ts(213,82): error TS2737: BigInt literals are not available when targeting lower than ES2020.
src/lib/blockchain/providers.ts(223,92): error TS2737: BigInt literals are not available when targeting lower than ES2020.
src/lib/crypto/hdWallet.ts(34,15): error TS2339: Property 'address' does not exist on type '{ utils: { constants: typeof import("/app/applet/node_modules/tronweb/lib/esm/utils/constants"); address: typeof import("/app/applet/node_modules/tronweb/lib/esm/utils/address"); code: typeof import("/app/applet/node_modules/tronweb/lib/esm/utils/code"); ... 27 more ...; sleep(millis?: number | undefined): Promise<....'.
src/lib/hd-wallet.ts(39,16): error TS2737: BigInt literals are not available when targeting lower than ES2020.
src/lib/hd-wallet.ts(40,36): error TS2737: BigInt literals are not available when targeting lower than ES2020.
src/lib/hd-wallet.ts(41,17): error TS2737: BigInt literals are not available when targeting lower than ES2020.
src/lib/supabase/server.ts(26,16): error TS7006: Parameter 'cookiesToSet' implicitly has an 'any' type.
src/lib/supabase/server.ts(28,37): error TS7031: Binding element 'name' implicitly has an 'any' type.
src/lib/supabase/server.ts(28,43): error TS7031: Binding element 'value' implicitly has an 'any' type.
src/lib/supabase/server.ts(28,50): error TS7031: Binding element 'options' implicitly has an 'any' type.
src/lib/wallets/evmWithdrawal.ts(50,38): error TS2737: BigInt literals are not available when targeting lower than ES2020.
src/lib/wallets/evmWithdrawal.ts(50,46): error TS2737: BigInt literals are not available when targeting lower than ES2020.
src/lib/wallets/evmWithdrawal.ts(53,22): error TS2737: BigInt literals are not available when targeting lower than ES2020.
src/lib/withdrawal-processor.ts(161,5): error TS2740: Type 'Uint8Array<ArrayBufferLike>' is missing the following properties from type 'Buffer<ArrayBufferLike>': write, toJSON, equals, compare, and 66 more.
src/lib/withdrawal-processor.ts(221,22): error TS2345: Argument of type 'ECPairInterface' is not assignable to parameter of type 'Signer'.
  Types of property 'publicKey' are incompatible.
    Type 'Uint8Array<ArrayBufferLike>' is missing the following properties from type 'Buffer<ArrayBufferLike>': write, toJSON, equals, compare, and 66 more.
src/lib/withdrawal-processor.ts(281,5): error TS2740: Type 'Uint8Array<ArrayBufferLike>' is missing the following properties from type 'Buffer<ArrayBufferLike>': write, toJSON, equals, compare, and 66 more.
src/lib/withdrawal-processor.ts(341,22): error TS2345: Argument of type 'ECPairInterface' is not assignable to parameter of type 'Signer'.
  Types of property 'publicKey' are incompatible.
    Type 'Uint8Array<ArrayBufferLike>' is missing the following properties from type 'Buffer<ArrayBufferLike>': write, toJSON, equals, compare, and 66 more.
src/lib/withdrawal-processor.ts(401,61): error TS2737: BigInt literals are not available when targeting lower than ES2020.
src/lib/withdrawal-processor.ts(401,69): error TS2737: BigInt literals are not available when targeting lower than ES2020.
src/lib/withdrawal-processor.ts(402,73): error TS2737: BigInt literals are not available when targeting lower than ES2020.
src/lib/withdrawal-processor.ts(402,81): error TS2737: BigInt literals are not available when targeting lower than ES2020.
src/lib/withdrawal-processor.ts(403,97): error TS2737: BigInt literals are not available when targeting lower than ES2020.
src/lib/withdrawal-processor.ts(403,105): error TS2737: BigInt literals are not available when targeting lower than ES2020.
src/middleware.ts(19,18): error TS7006: Parameter 'cookiesToSet' implicitly has an 'any' type.
src/middleware.ts(20,37): error TS7031: Binding element 'name' implicitly has an 'any' type.
src/middleware.ts(20,43): error TS7031: Binding element 'value' implicitly has an 'any' type.
src/middleware.ts(24,37): error TS7031: Binding element 'name' implicitly has an 'any' type.
src/middleware.ts(24,43): error TS7031: Binding element 'value' implicitly has an 'any' type.
src/middleware.ts(24,50): error TS7031: Binding element 'options' implicitly has an 'any' type.
src/middleware.ts(78,96): error TS2551: Property 'catch' does not exist on type 'PostgrestFilterBuilder<any, any, any, any, "check_is_admin", null, "RPC", false>'. Did you mean 'match'?
src/utils/supabase/middleware.ts(26,18): error TS7006: Parameter 'cookiesToSet' implicitly has an 'any' type.
src/utils/supabase/middleware.ts(27,37): error TS7031: Binding element 'name' implicitly has an 'any' type.
src/utils/supabase/middleware.ts(27,43): error TS7031: Binding element 'value' implicitly has an 'any' type.
src/utils/supabase/middleware.ts(31,37): error TS7031: Binding element 'name' implicitly has an 'any' type.
src/utils/supabase/middleware.ts(31,43): error TS7031: Binding element 'value' implicitly has an 'any' type.
src/utils/supabase/middleware.ts(31,50): error TS7031: Binding element 'options' implicitly has an 'any' type.
src/utils/supabase/server.ts(22,16): error TS7006: Parameter 'cookiesToSet' implicitly has an 'any' type.
src/utils/supabase/server.ts(24,37): error TS7031: Binding element 'name' implicitly has an 'any' type.
src/utils/supabase/server.ts(24,43): error TS7031: Binding element 'value' implicitly has an 'any' type.
src/utils/supabase/server.ts(24,50): error TS7031: Binding element 'options' implicitly has an 'any' type.
src/utils/userPrivacy.ts(29,16): error TS2339: Property 'profile_username' does not exist on type 'UserDataInput | { username?: string | null | undefined; }'.
  Property 'profile_username' does not exist on type '{ username?: string | null | undefined; }'.
tests/hd-wallet-sweeping-audit.test.ts(111,26): error TS2737: BigInt literals are not available when targeting lower than ES2020.
tests/hd-wallet-sweeping-audit.test.ts(112,30): error TS2737: BigInt literals are not available when targeting lower than ES2020.
tests/hd-wallet-sweeping-audit.test.ts(115,30): error TS2737: BigInt literals are not available when targeting lower than ES2020.
tests/penetration.spec.ts(12,30): error TS2307: Cannot find module '@playwright/test' or its corresponding type declarations.
tests/penetration.spec.ts(23,112): error TS7031: Binding element 'request' implicitly has an 'any' type.
tests/penetration.spec.ts(68,109): error TS7031: Binding element 'request' implicitly has an 'any' type.
tests/penetration.spec.ts(132,130): error TS7031: Binding element 'request' implicitly has an 'any' type.
